item_name,unusuals,average_change,median_change,average_listing_change,increases,decreases,new,removed
A Handsome Handy Thing,78,-0.10864365471616334,-0.09060629119186103,0.0,0,78,0,0
A Hat to Kill For,171,-0.24889501091616503,-0.1761788995397211,0.0,0,171,0,0
A Head Full of Hot Air,92,-0.09474403320356405,-0.0767636633708797,0.0,0,92,0,0
A Rather Festive Tree,63,-1.205181396079487,-0.19253836878270292,0.0,0,62,1,0
A Well Wrapped Hat,70,-0.3519263405499609,-0.2353246729566365,0.0,0,70,0,0
Aimframe,39,-0.06311463873620887,-0.04278630417393714,0.0,0,39,0,0
Air Head,9,-0.02614718588407092,-0.02013473137596833,0.0,0,9,0,0
Airdog,159,-0.07508972638738295,-0.057887352705904505,0.0,0,159,0,0
Alakablamicon,47,-0.2967730885255782,-0.1661115338517405,0.0,0,47,0,0
All Hallows' Hatte,12,-0.5929258916652363,-0.5146940707981855,0.0,0,12,0,0
Allbrero,44,-0.3088278826671971,-0.09060629119185393,0.0,0,44,0,0
Alpine Hawk,5,-0.06090756241230437,-0.06040419412790499,0.0,0,5,0,0
Anger,58,-1.0264807558157902,-0.375009371877411,0.0,0,58,0,0
Antarctic Eyewear,137,-0.2777435550251623,-0.22903256940163885,0.0,0,137,0,0
Antlers,47,-7.3234472520253355,-3.7752621329941576,0.0,0,47,0,0
Archer's Sterling,121,-0.11726712997403592,-0.07172998052688939,0.0,0,121,0,0
Arctic Mole,49,-0.09368813783103706,-0.07298840123788963,0.0,0,49,0,0
Armored Authority,59,-0.7259807752582976,-0.17114521669574145,0.0,0,59,0,0
Attendant,59,-0.44929885215548265,-0.17114521669574145,0.0,0,59,0,0
Aviator Assassin,44,-0.20316178083135408,-0.0704715598158927,0.0,0,43,1,0
Aztec Aggressor,32,-0.19595970009072539,-0.14975206460876223,0.0,0,32,0,0
Aztec Warrior,15,-0.9439833226766566,-0.45303145595929095,0.0,0,15,0,0
B'aaarrgh-n-Bicorne,25,-0.3405789812245058,-0.2239988865576521,0.0,0,25,0,0
Backbiter's Billycock,61,-0.41132821879072357,-0.08808944976986055,0.0,0,61,0,0
Backbreaker's Skullcracker,53,-0.05865902578340806,-0.041527883462933346,0.0,0,53,0,0
Backwards Ballcap,62,-0.8747055433822508,-0.20889783802567763,0.0,0,61,1,0
Badlands Bandido,16,-0.43171695516676367,-0.2831446599745533,0.0,0,16,0,0
Balkans Brute,36,-0.05578998485424583,-0.03271893848594942,0.0,0,36,0,0
Balloonihoodie,10,-1.50859474834443,-1.0507812936833432,0.0,0,10,0,0
Ballooniphones,19,-0.9058642139115869,-0.5662893199491066,0.0,0,19,0,0
Bare Bear Bones,11,-1.113702329233268,-1.0067365687984307,0.0,0,11,0,0
Bare Necessities,31,-0.3002348251142407,-0.1887631066497022,0.0,0,31,0,0
Barnstormer,51,-0.2453920386446113,-0.07550524265987946,0.0,0,51,0,0
Baron von Havenaplane,43,-0.37013664982204014,-0.06795471839389577,0.0,0,43,0,0
Base Metal Billycock,55,-0.15582680458640105,-0.05285366986191775,0.0,0,55,0,0
Baseball Bill's Sports Shine,30,-0.44627793147694206,-0.24539203864461712,0.0,0,30,0,0
Bat Hat,92,-0.11206783570876988,-0.0767636633708797,0.0,0,92,0,0
Batter's Helmet,30,-0.29886582254853994,-0.09689839474685158,0.0,0,30,0,0
Battle Boonie,93,-0.42737591114152856,-0.1761788995397211,0.0,0,93,0,0
Bazaar Bauble,67,-0.04345307932677572,-0.03271893848594942,0.0,0,67,0,0
Beanie the All-Gnawing,103,-0.13544516506916748,-0.09563997403585489,0.0,0,103,0,0
Bear Necessities,54,-0.49061787078022245,-0.16107785100774663,0.0,0,53,1,0
Bedouin Bandana,22,-1.7023572172732586,-1.1325786398982132,0.0,0,22,0,0
Belgian Detective,44,-0.3714682345278611,-0.07928050479287663,0.0,0,43,1,0
Berlin Brain Bowl,149,-0.17788494640966898,-0.13339259536579107,0.0,0,149,0,0
Berliner's Bucket Helm,58,-0.32382150526068837,-0.12584207109980383,0.0,0,57,1,0
Big Chief,59,-0.3495156171041011,-0.08714145743154234,0.0,0,59,0,0
Big Country,60,-0.2570142511908279,-0.09815681545784827,0.0,0,59,1,0
Big Elfin Deal,61,-0.18380283168051706,-0.07550524265987946,0.0,0,60,1,0
Big Topper,26,-0.15957742631386487,-0.10822418114583243,0.0,0,26,0,0
Birdcage,62,-0.27861313229404233,-0.11954996754481684,0.0,0,62,0,0
Black Watch,50,-0.36615009007198424,-0.13465101607678776,0.0,0,50,0,0
Blast Bowl,42,-0.05391733498669003,-0.036494200618941264,0.0,0,42,0,0
Blast Defense,166,1.761084091426519,-0.29635807744004694,0.0,1,165,0,0
Blighted Beak,55,-3.0497359849292565,-1.5604416816375988,0.0,0,54,1,0
Blindin' Bonnet,4,-0.0767636633708797,-0.06166261483890523,0.0,0,4,0,0
Blitzen Bowl,27,-0.0749925527405872,-0.057887352705904505,0.0,0,27,0,0
Blizzard Bonnet,3,-0.19715257805635625,-0.12584207109980383,0.0,0,3,0,0
Bloke's Bucket Hat,57,-0.21001604650039765,-0.08305576692587024,0.0,0,57,0,0
Boarder's Beanie,3,-1.711452166957315,-1.6107785100774663,0.0,0,3,0,0
Bobby Bonnet,21,-0.17246356220249126,-0.14849364389776554,0.0,0,21,0,0
Bolted Bicorne,48,-0.1684007885494051,-0.05537051128391113,0.0,0,47,1,0
Bolted Birdcage,56,-0.19784661614545343,-0.06292103554990547,0.0,0,55,1,0
Bomb Beanie,89,-0.11174493122491505,-0.07550524265987946,0.0,0,89,0,0
Bombard Brigadier,62,-0.0614596437564848,-0.05033682843992082,0.0,0,62,0,0
Bomber Knight,12,-0.5484616932099744,-0.41527883462933346,0.0,0,12,0,0
Bomber's Bucket Hat,44,-0.45978116704554384,-0.1522689060307627,0.0,0,44,0,0
Bombing Run,62,-0.3200308277002019,-0.07298840123788963,0.0,0,61,1,0
Bone Cone,46,-0.6934718826758469,-0.509660387954213,0.0,0,46,0,0
Bone Dome,57,-0.35561620984899384,-0.08808944976986055,0.0,0,56,1,0
Bonk Beanie,19,-0.2896354615365433,-0.1887631066497022,0.0,0,19,0,0
Bonk Boy,56,-2.9211488004306125,-1.289881228772913,0.0,0,55,1,0
Bonk Helm,61,-0.5178813822711412,-0.1182915468338166,0.0,0,61,0,0
Bonk Leadwear,58,-0.37662103348973786,-0.0931231326138473,0.0,0,57,1,0
Bootleg Base Metal Billycock,55,-0.14070287567785686,-0.045303145595930516,0.0,0,55,0,0
Boston Brain Bucket,52,-0.079909715148375,-0.049078407728924134,0.0,0,52,0,0
Bot Dogger,58,-0.3391358602599059,-0.07550524265987946,0.0,0,57,1,0
Bottle Cap,60,-0.12177317746757617,-0.10193207759084544,0.0,0,60,0,0
Boxcar Bomber,41,-0.23652170729148334,-0.0943815533248511,0.0,0,41,0,0
Brain Bucket,58,-0.3220793385488061,-0.10319049830184213,0.0,0,57,1,0
Brain Interface,62,-0.11325786398982368,-0.07550524265987946,0.0,0,62,0,0
Brain-Warming Wear,139,-0.08370761074739448,-0.03775262132993795,0.0,0,139,0,0
Brainiac Hairpiece,61,-1.8593563599531484,-0.7777039993967492,0.0,0,61,0,0
Brand Loyalist,38,-0.18038467402121902,-0.1365386471432828,0.0,0,38,0,0
Brass Bucket,114,-0.18647807956920823,-0.14912285425326743,0.0,0,114,0,0
Breach and Bomb,73,-0.20931156538271173,-0.13339259536579107,0.0,0,73,0,0
Bread Heads,17,-0.5520765683896071,-0.3775262132994044,0.0,0,17,0,0
Breadcrab,18,-0.8072768861052353,-0.679547183938908,0.0,0,18,0,0
Brigade Helm,62,-0.4844615270337437,-0.1510104853197589,0.0,0,61,1,0
Brim of Fire,67,-0.1332611185750915,-0.09563997403585489,0.0,0,67,0,0
Brim-Full of Bullets,58,-0.5478766379671418,-0.12332522967781046,0.0,0,57,1,0
Brimmed Bootlegger,77,-0.1554067862451978,-0.10696576043482509,0.0,0,77,0,0
Broadband Bonnet,50,-0.18864984878571484,-0.05285366986191775,0.0,0,50,0,0
Brotherhood of Arms,55,-1.4212374706245972,-0.4152788346293619,0.0,0,55,0,0
Brothers in Blues,71,-0.27148211310361614,-0.17366205811772772,0.0,0,71,0,0
Brown Bomber,66,-1.2915903921986944,-0.3208972813045037,0.0,0,66,0,0
Bruce's Bonnet,31,-0.36901089982165836,-0.14849364389776198,0.0,0,30,1,0
Bubble Pipe,54,-0.3328230168551737,-0.12206680896681377,0.0,0,54,0,0
Buccaneer's Bicorne,62,-0.5224715233891103,-0.18372942380571544,0.0,0,61,1,0
Buck's Brim,24,-0.16170706136324942,-0.13842627820978137,0.0,0,24,0,0
Buckaroo's Hat,61,-0.3118051916675367,-0.07298840123788608,0.0,0,60,1,0
Bulb Bonnet,46,-0.06978763551643437,-0.05033682843992082,0.0,0,46,0,0
Bullet Buzz,41,-0.1231207363122691,-0.07172998052688762,0.0,0,40,1,0
Bumble Beenie,79,-0.24381503041184313,-0.16107785100774663,0.0,0,79,0,0
Bunsen Brave,54,-0.23848214412142182,-0.08808944976986055,0.0,0,53,1,0
Burning Bandana,49,-0.5483118812205897,-0.10067365687984875,0.0,0,49,0,0
Burning Beanie,101,-0.15391357468275957,-0.13339259536579107,0.0,0,101,0,0
Burning Question,106,-0.3281272644459848,-0.23154941082363933,0.0,0,106,0,0
Buzz Kill,7,-0.2139315208696664,-0.24413361793361332,0.0,0,7,0,0
Cadaver's Cranium,42,-0.09232510972395502,-0.035235779907944575,0.0,0,41,1,0
Calamitous Cauldron,70,-0.06977043970547651,-0.05033682843992082,0.0,0,70,0,0
California Cap,73,-0.14275317681883135,-0.10067365687984875,0.0,0,73,0,0
Candy Crown,15,-0.6125992021138434,-0.5033682843992437,0.0,0,15,0,0
Capo's Capper,58,-0.23638439566063046,-0.0931231326138473,0.0,0,57,1,0
Captain Cardbeard Cutthroat,12,-1.42358842931651,-1.3590943678778729,0.0,0,12,0,0
Captain Space Mann,9,-5.982392235561134,-2.3280783153463744,0.0,0,9,0,0
Caribbean Conqueror,54,-0.36071561210344066,-0.10319049830184213,0.0,0,53,1,0
Caribou Companion,101,-0.26906529954457703,-0.1510104853197589,0.0,0,101,0,0
Carouser's Capotain,60,-0.33271594914861613,-0.08557260834786717,0.0,0,60,0,0
Cat's Pajamas,65,-1.0637333468473091,-0.7550524265988088,0.0,0,65,0,0
Cattleman's Kettle,14,-0.04004474476783049,-0.02957288670845326,0.0,0,14,0,0
Charmer's Chapeau,58,-0.953733054741636,-0.2101562587366672,0.0,0,58,0,0
Checkered Past,27,-0.11516879914356108,-0.0931231326138473,0.0,0,27,0,0
Chieftain's Challenge,59,-0.9270438227381447,-0.14849364389776554,0.0,0,58,1,0
Chill Chullo,128,-0.40983888998101825,-0.20889783802567763,0.0,0,127,1,0
Chill-Seeker,5,-0.06417945626089931,-0.057887352705904505,0.0,0,5,0,0
Cigarillo Caballero,3,-0.10906312828649807,-0.09563997403585489,0.0,0,3,0,0
Citizen Cane,74,-0.13725288592520402,-0.08934787048086257,0.0,0,74,0,0
Class Crown,10,-1.3215934306900863,-0.8179734621487,0.0,0,10,0,0
Classy Capper,122,-0.3577731341062824,-0.19631363091569654,0.0,0,122,0,0
Cleaner's Cap,38,-0.12839202885629872,-0.07550524265987946,0.0,0,38,0,0
Climbing Commander,72,-0.1598194302967488,-0.10822418114582888,0.0,0,72,0,0
Close Quarters Cover,43,-0.2983920364961845,-0.1887631066497022,0.0,0,43,0,0
Cloud Crasher,50,-0.4601197032294015,-0.10067365687984875,0.0,0,49,1,0
Clue Hairdo,42,-0.20221622329822955,-0.14220154034277144,0.0,0,42,0,0
Co-Pilot,22,-1.1869767351781604,-0.8670518698776561,0.0,0,22,0,0
Coffin Kit,14,-10.141432735545866,-9.7502436688128,0.0,0,14,0,0
Cold Killer,56,-0.7048528804182747,-0.18247100309470454,0.0,0,55,1,0
Coldfront Commander,94,-0.302489531542557,-0.271818873575576,0.0,0,94,0,0
Coldfront Curbstompers,2,-5.033682843992324,-5.033682843992324,0.0,0,2,0,0
Coldsnap Cap,40,-0.20502819433935132,-0.10822418114582888,0.0,0,40,0,0
Colonel Kringle,23,-0.3711793958004661,-0.2013473137596833,0.0,0,23,0,0
Combustible Kabuto,40,-0.14962299581789296,-0.08305576692587024,0.0,0,39,1,0
Commando Elite,74,-0.11766233647831544,-0.06040419412790499,0.0,0,73,1,0
Commonwealth Commander,9,-0.25420098362160576,-0.1887631066497022,0.0,0,9,0,0
Commonwealth Commando,49,-0.10396095996163297,-0.07550524265987946,0.0,0,49,0,0
Company Man,61,-0.6167911871708014,-0.23406625224563982,0.0,0,61,0,0
Conagher's Combover,21,-0.31286735867241655,-0.0931231326138473,0.0,0,21,0,0
Condor Cap,39,-0.19763658602212403,-0.08053892550387332,0.0,0,39,0,0
Conjurer's Cowl,59,-1.0256562732810062,-0.34291964374696704,0.0,0,58,1,0
Connoisseur's Cap,59,-0.27901746662577503,-0.11325786398982274,0.0,0,59,0,0
Conquistador,62,-0.2926946207101703,-0.09815681545784827,0.0,0,61,1,0
Control Patrol,8,-0.15950482511900077,-0.17617889953972465,0.0,0,8,0,0
Convict Cap,87,-0.0577427066471745,-0.04026946275193666,0.0,0,87,0,0
Cool Capuchon,57,-0.12251939887164277,-0.06921313910489246,0.0,0,57,0,0
Copper's Hard Top,60,-0.3299835054211905,-0.07298840123788963,0.0,0,59,1,0
Corona Australis,10,-4.005804807248978,-4.341551452943236,0.0,0,10,0,0
Cosa Nostra Cap,63,-0.6314227402973768,-0.2057517862481717,0.0,0,62,1,0
Cotton Head,55,-1.0482644522613507,-0.22651572797964548,0.0,0,55,0,0
Counterfeit Billycock,63,-0.21857608937405903,-0.07550524265987946,0.0,0,62,1,0
Coupe D'isaster,54,-0.13977791526974434,-0.05411209057291444,0.0,0,54,0,0
Covert Covers,41,-0.08188942577909165,-0.05033682843992082,0.0,0,41,0,0
Cozy Catchers,47,-0.06123421629898935,-0.04026946275193666,0.0,0,47,0,0
Crabe de Chapeau,72,-0.07479738100994632,-0.059145773416904746,0.0,0,72,0,0
Crack Pot,68,-0.08466580518847114,-0.06166261483890523,0.0,0,68,0,0
Cranial Carcharodon,67,-0.2920099521475583,-0.1887631066497022,0.0,0,67,0,0
Cranial Cowl,31,-1.3824360423560589,-0.8808944976985913,0.0,0,31,0,0
Cranium Cooler,7,-0.26193128227487456,-0.25168414219960766,0.0,0,7,0,0
Cranium Cover,10,-0.10621070800823454,-0.09941523616884851,0.0,0,10,0,0
Crimbo Cap,48,-0.04730875360408284,-0.03334814884144777,0.0,0,48,0,0
Crit Cloak,56,-0.3095040795102853,-0.19379678949369605,0.0,0,56,0,0
Crocleather Slouch,59,-0.5024570142291815,-0.11640391576731446,0.0,0,58,1,0
Crone's Dome,61,-3.037875468504249,-1.0067365687984307,0.0,0,61,0,0
Crook's Cap,19,-0.07431305461788418,-0.057887352705904505,0.0,0,19,0,0
Crown of the Old Kingdom,37,-0.8481415478421015,-0.15604416816375988,0.0,0,37,0,0
Crustaceous Cowl,37,-0.2267538075736207,-0.1635946924297471,0.0,0,37,0,0
Cyborg Stunt Helmet,48,-0.22571248071730377,-0.04026946275193666,0.0,0,47,1,0
Dancing Doe,67,-0.13929026854867932,-0.10067365687984875,0.0,0,67,0,0
Danger,46,-0.46265138317224797,-0.19631363091569654,0.0,0,45,1,0
Dapper Dickens,22,-0.4785430758277042,-0.298245708506542,0.0,0,22,0,0
Dapper Noel,41,-0.09353211934492948,-0.0711007701713875,0.0,0,40,1,0
Daring Dell,22,-0.06618148921021434,-0.047819987017927446,0.0,0,22,0,0
Dark Falkirk Helm,48,-0.526234056467141,-0.10193207759083833,0.0,0,47,1,0
Das Gutenkutteharen,46,-0.46446667024618227,-0.20260573447067998,0.0,0,46,0,0
Das Hazmattenhatten,41,-1.1496302405322332,-0.5285366986191917,0.0,0,40,1,0
Das Maddendoktor,54,-0.4024571896493621,-0.2239988865576521,0.0,0,53,1,0
Das Naggenvatcher,49,-0.5244206142102809,-0.1308757539437977,0.0,0,48,1,0
Das Übersternmann,54,-1.0463069089331165,-0.25860545611009655,0.0,0,54,0,0
Data Mining Light,54,-0.45079085024666044,-0.11325786398982629,0.0,0,54,0,0
Dayjogger,68,-0.22993937256103666,-0.19379678949369605,0.0,0,68,0,0
Dead Cone,59,-0.208183311011802,-0.06795471839389577,0.0,0,59,0,0
Death Racer's Helmet,31,-0.42656402681184363,-0.35990832334542233,0.0,0,31,0,0
Decorated Veteran,26,-1.3665480905506864,-1.0822418114582888,0.0,0,26,0,0
Deep Cover Operator,45,-0.24416221840432248,-0.09941523616884851,0.0,0,44,1,0
Defiant Spartan,65,-0.45409324843418997,-0.1541565370972613,0.0,0,64,1,0
Defragmenting Hard Hat 17%,42,-0.28653041093509785,-0.18247100309471165,0.0,0,42,0,0
Dell Dynamic,34,-0.05344586784356336,-0.0415278834629369,0.0,0,34,0,0
Demoman's Fro,29,-0.44888734637651495,-0.0931231326138473,0.0,0,29,0,0
Demonic Dome,10,-2.5535873067572252,-1.887631066497022,0.0,0,10,0,0
Desert Marauder,58,-0.5661482900418456,-0.22777414869064216,0.0,0,58,0,0
Detective,54,-0.1651327621876321,-0.10067365687984875,0.0,0,54,0,0
Doctor's Sack,61,-0.2992988523179753,-0.08683102905886564,0.0,0,60,1,0
Dr's Dapper Topper,58,-1.0325341933738712,-0.22903256940163885,0.0,0,58,0,0
Dragonborn Helmet,61,-0.47471823954548237,-0.190021527360706,0.0,0,60,1,0
Dread Hiding Hood,39,-0.41137450370548306,-0.14345996105377878,0.0,0,39,0,0
Dread Knot,59,-0.1659092789057397,-0.05033682843992082,0.0,0,58,1,0
Duality of Mantle,19,-0.7191543200008749,-0.586424051325082,0.0,0,19,0,0
Duck Billed Hatypus,35,-1.3033537328554308,-0.6166261483890167,0.0,0,34,1,0
Dumb Bell,20,-0.22525730726864523,-0.14094311963178185,0.0,0,20,0,0
Dustbowl Devil,59,-0.1549777099340978,-0.09689839474684447,0.0,0,59,0,0
Détective Noir,60,-0.606622770194827,-0.12080838825580997,0.0,0,59,1,0
El Fiestibrero,42,-0.11160993210637402,-0.08368497728136859,0.0,0,42,0,0
El Jefe,54,-0.6583674247176676,-0.22903256940163885,0.0,0,53,1,0
El Mostacho,117,-0.10929975440309454,-0.07550524265987946,0.0,0,117,0,0
El Zapateador,42,-0.10256128794633892,-0.06795471839389577,0.0,0,42,0,0
Electric Escorter,55,-0.20043845435729765,-0.053482880217416096,0.0,0,54,1,0
Elf Care Provider,78,-0.07805435127959638,-0.05159524915091929,0.0,0,78,0,0
Elf Defense,40,-0.047064934591326435,-0.028314465997454796,0.0,0,40,0,0
Elf Esteem,120,-0.08607597663226486,-0.035235779907944575,0.0,0,120,0,0
Elf Ignition,27,-0.07914068026943248,-0.04278630417393714,0.0,0,27,0,0
Eliminator's Safeguard,41,-0.3899876476570947,-0.12584207109980383,0.0,0,41,0,0
Employee of the Mmmph,43,-0.14489815615205964,-0.06292103554990192,0.0,0,42,1,0
Engineer's Cap,63,-0.36437232293841715,-0.1050781293683336,0.0,0,62,1,0
Epilogue Locks,19,-0.05106538779892106,-0.031460517774952734,0.0,0,19,0,0
Executioner,62,-0.7345577750799785,-0.24161677651162705,0.0,0,62,0,0
Exquisite Rack,57,-3.6891817408505787,-1.8876310664970788,0.0,0,57,0,0
FR-0,55,-0.34125340150924893,-0.05411209057291444,0.0,0,54,1,0
Familiar Fez,60,-0.5707986608301839,-0.10885339150133078,0.0,0,60,0,0
Fancy Fedora,30,-0.5639402679552543,-0.1761788995397211,0.0,0,30,0,0
Fat Man's Field Cap,90,-0.12834477296324887,-0.08179734621487356,0.0,0,89,1,0
Feathered Fiend,54,-0.3864050705381137,-0.1510104853197589,0.0,0,54,0,0
Feathered Foe,18,-0.1508007485345947,-0.13716785749878468,0.0,0,18,0,0
Fed-Fightin' Fedora,60,-0.6393753925676945,-0.1661115338517405,0.0,0,60,0,0
Federal Casemaker,51,-0.462827397572351,-0.16736995456273718,0.0,0,51,0,0
Festive Cover-Up,38,-0.04127951095418554,-0.025168414219962187,0.0,0,38,0,0
Festive Rack,10,-0.8922202840975914,-0.6040419412790499,0.0,0,10,0,0
Field Practice,172,-0.3015893030700577,-0.1887631066497022,0.0,0,172,0,0
Fire Fighter,70,-0.11435448775226385,-0.0862018187033673,0.0,0,70,0,0
Fire Marshal,6,-0.17450100525839396,-0.17366205811772062,0.0,0,6,0,0
Firearm Protector,53,-0.08419546870186909,-0.047819987017927446,0.0,0,53,0,0
Firestalker,67,-0.08386341006874985,-0.0591457734169083,0.0,0,67,0,0
Firewall Helmet,53,-0.2968923126475345,-0.07802208408187994,0.0,0,53,0,0
Flamboyant Flamenco,60,-1.1229726951375956,-0.23280783153463602,0.0,0,60,0,0
Flame Warrior,20,-0.31347259910960845,-0.1774373202507249,0.0,0,20,0,0
Flamehawk,22,-0.20987025402962817,-0.1459768024757615,0.0,0,22,0,0
Flash of Inspiration,18,-0.5263694185057912,-0.35864990263444696,0.0,0,18,0,0
Flatline Flatcap,4,-0.12080838825580997,-0.08431418763687049,0.0,0,4,0,0
Fleet Commander,52,-0.18576225726194162,-0.11199944327882605,0.0,0,52,0,0
Flipped Trilby,62,-0.9615247601895781,-0.18121258238370785,0.0,0,62,0,0
Football Helmet,31,-0.137079742013691,-0.05033682843992082,0.0,0,31,0,0
Fortunate Son,47,-0.4722558404379406,-0.20386415518167667,0.0,0,47,0,0
Frag Proof Fragger,67,-0.5258883804064716,-0.3020209706395178,0.0,0,67,0,0
Frenchman's Beret,57,-0.2716643306812419,-0.12080838825580997,0.0,0,57,0,0
Frickin' Sweet Ninja Hood,48,-0.29928992994757825,-0.1308757539437977,0.0,0,47,1,0
Fried Batter,58,-0.06634914714193096,-0.04530314559593229,0.0,0,58,0,0
Frigid Fashion,38,-0.09706397641934872,-0.0704715598158927,0.0,0,38,0,0
Front Runner,66,-0.5928323167918536,-0.24161677651163416,0.0,0,65,1,0
Frontier Djustice,43,-0.32484813702507387,-0.13842627820978493,0.0,0,43,0,0
Frostbite Bonnet,38,-0.07580328967038143,-0.05033682843992082,0.0,0,38,0,0
Fruit Shoot,59,-0.4885601441361758,-0.13779706785428658,0.0,0,58,1,0
Full Metal Drill Hat,57,-0.30731873629090106,-0.09312313261385441,0.0,0,56,1,0
Full Metal Helmet,8,-0.9070067274518223,-0.6455698247419832,0.0,0,8,0,0
Fur-Lined Fighter,18,-0.07071625273191752,-0.03964025239644009,0.0,0,18,0,0
Furious Fukaamigasa,59,-0.39962322781794346,-0.09060629119186103,0.0,0,59,0,0
Fused Plates,5,-0.5448961678621516,-0.3901104204093997,0.0,0,5,0,0
Galvanized Gibus,61,-0.8303307409337611,-0.19253836878270647,0.0,0,61,0,0
Gauzed Gaze,113,-1.1358370506677662,-0.8808944976985913,0.0,0,112,1,0
Geisha Boy,61,-0.30994927824572077,-0.13213417465478727,0.0,0,61,0,0
Gentleman's Gatsby,63,-0.5621385613136402,-0.09626918439134968,0.0,0,62,1,0
Gentleman's Ushanka,63,-0.42199041175466706,-0.1283589125218043,0.0,0,63,0,0
German Gonzila,58,-0.3094521619070598,-0.08179734621487178,0.0,0,58,0,0
Giftcrafter,44,-0.09521096697528413,-0.056628931994907816,0.0,0,44,0,0
Gilded Guard,43,-0.2041038543647257,-0.07550524265987946,0.0,0,42,1,0
Glasgow Great Helm,50,-0.3890574561409992,-0.13842627820978493,0.0,0,49,1,0
Glengarry Bonnet,60,-0.3996336626351774,-0.12584207109980383,0.0,0,59,1,0
Globetrotter,49,-0.0959481586997685,-0.0704715598158927,0.0,0,49,0,0
Glow from Below,42,-0.09262875304881961,-0.05411209057291444,0.0,0,42,0,0
Gnome Dome,48,-0.1874260346442672,-0.135909436787788,0.0,0,48,0,0
Greased Lightning,54,-0.5079358854983851,-0.19253836878269937,0.0,0,54,0,0
Grenadier's Softcap,60,-0.5476290821873446,-0.1308757539437977,0.0,0,59,1,0
Gridiron Guardian,54,-0.1955657016251924,-0.045303145595930516,0.0,0,53,1,0
Grimm Hatte,55,-0.608775310740838,-0.22651572797964548,0.0,0,55,0,0
Ground Control,46,-0.20140324356905911,-0.12584207109980383,0.0,0,45,1,0
Gym Rat,57,-0.23993888223029236,-0.057887352705904505,0.0,0,57,0,0
Halogen Head Lamp,56,-0.3686486271927299,-0.07802208408187994,0.0,0,55,1,0
Handyman's Handle,61,-0.19857786017682386,-0.07802208408187639,0.0,0,60,1,0
Hard Counter,62,-0.2846196940866297,-0.06543787697189885,0.0,0,61,1,0
Harmburg,50,-0.47534916203801064,-0.1283589125218043,0.0,0,49,1,0
Hat Chocolate,13,-0.28953356512269746,-0.23406625224563982,0.0,0,13,0,0
Hat Outta Hell,107,-0.280839515494598,-0.1761788995397211,0.0,0,107,0,0
Hat of Cards,57,-0.6644686072053657,-0.22085283478015327,0.0,0,56,1,0
Hat with No Name,59,-0.9183698398888577,-0.3523577990794422,0.0,0,59,0,0
Hawaiian Hunter,92,-0.13080052227085642,-0.09123550154735938,0.0,0,92,0,0
Hawk Warrior,31,-0.15003622412415363,-0.10319049830184213,0.0,0,31,0,0
HazMat Headcase,21,-1.984109987673551,-1.4471838176476695,0.0,0,21,0,0
Hazard Handler,33,-0.11081729048970536,-0.11074102256782226,0.0,0,33,0,0
Hazard Headgear,49,-0.1063750731623239,-0.06292103554990547,0.0,0,49,0,0
Head Banger,31,-0.16509667843964684,-0.09563997403585489,0.0,0,31,0,0
Head Hedge,133,-0.11452574651067852,-0.09563997403585489,0.0,0,133,0,0
Head Prize,75,-2.642532482610513,-2.3154941082364076,0.0,0,75,0,0
Head Warmer,63,-0.6173910266357319,-0.25168414219960766,0.0,0,63,0,0
Head of Defense,76,-0.0757039406668815,-0.06292103554990547,0.0,0,76,0,0
Headhunter's Brim,71,-0.19489569208639915,-0.12584207109980383,0.0,0,71,0,0
Heat Shield,10,-0.09274560640055292,-0.04530314559592874,0.0,0,10,0,0
Heavy Duty Rag,56,-0.4868727424493491,-0.09186471190285772,0.0,0,56,0,0
Heer's Helmet,39,-0.21215682499518324,-0.1182915468338166,0.0,0,39,0,0
Hellish Overlord,39,-0.6573473519090217,-0.436671986716334,0.0,0,39,0,0
Hellmet,70,-0.3695622079426668,-0.24035835580063036,0.0,0,70,0,0
Helm Helm,12,-0.1556246945934229,-0.1359094367877809,0.0,0,12,0,0
Helmet without a Home,61,-0.3229575403682883,-0.06795471839389577,0.0,0,61,0,0
Hephaistos' Handcraft,96,-0.10147327837328961,-0.07110077017139105,0.0,0,96,0,0
Herald's Helm,94,-0.5944481747833756,-0.4505146145372976,0.0,0,93,1,0
Hermes,63,-0.4018908463355607,-0.13842627820978493,0.0,0,63,0,0
Hetman's Headpiece,65,-0.22729240951221485,-0.06292103554990192,0.0,0,64,1,0
Highway Star,71,-0.08598912787897174,-0.06795471839389577,0.0,0,71,0,0
Hive Minder,54,-0.2345292560921329,-0.11074102256782226,0.0,0,53,1,0
Hollowed Helm,60,-0.14411014508779135,-0.09186471190285772,0.0,0,60,0,0
Honcho's Headgear,59,-0.7146527823940171,-0.19002152736069888,0.0,0,58,1,0
Hong Kong Cone,55,-2.2377516732013767,-0.6657045561179871,0.0,0,54,1,0
Horrific Headsplitter,51,-0.783749353792761,-0.2239988865576521,0.0,0,51,0,0
Horror Shawl,61,-0.14498656978515093,-0.08808944976986055,0.0,0,61,0,0
Hot Dogger,62,-0.2978537413998276,-0.1057073397238355,0.0,0,61,1,0
Hot Spaniel,43,-0.0735883459954547,-0.05285366986191775,0.0,0,43,0,0
Hotrod,60,-0.1951831851922531,-0.07550524265987946,0.0,0,59,1,0
Hottie's Hoodie,56,-0.29635807744003895,-0.08808944976986588,0.0,0,56,0,0
Hound Dog,59,-0.4342084682057987,-0.14975206460878354,0.0,0,59,0,0
Human Cannonball,62,-0.38063167086041855,-0.1510104853197589,0.0,0,62,0,0
Hungover Hero,16,-0.5280647908525493,-0.3750093718774181,0.0,0,16,0,0
Hunk of Monk,15,-0.04878477622969033,-0.035235779907944575,0.0,0,15,0,0
Hunter Heavy,3,-1.5939995672641771,-1.6107785100774663,0.0,0,3,0,0
Hunter in Darkness,98,-0.5683567254028974,-0.3775262132994044,0.0,0,98,0,0
Hustler's Hallmark,61,-0.7594878438588896,-0.2013473137596833,0.0,0,61,0,0
Impact Impaler,56,-0.09397706095346092,-0.05599972163941125,0.0,0,56,0,0
Industrial Festivizer,60,-0.32605680621958427,-0.10822418114583598,0.0,0,60,0,0
Infernal Impaler,48,-0.5849165681816922,-0.10948260185682912,0.0,0,48,0,0
Janissary Ketche,59,-0.2588021501630372,-0.07298840123788963,0.0,0,59,0,0
Jolly Jester,28,-0.3741554435378046,-0.2579762457546053,0.0,0,28,0,0
Jolly Jingler,92,-0.10995450962345378,-0.08808944976986055,0.0,0,92,0,0
Jumper's Jeepcap,60,-0.3814081212553657,-0.16107785100774663,0.0,0,59,1,0
Jungle Wreath,40,-1.0269027606921692,-0.6883561289159275,0.0,0,40,0,0
Katyusha,50,-0.17504632089982788,-0.05033682843992082,0.0,0,50,0,0
Killer Exclusive,64,-2.2814967741074916,-0.6292103554989978,0.0,0,63,1,0
Killer's Kabuto,62,-1.4886498115675146,-0.2592346664655878,0.0,0,61,1,0
Killing Tree,49,-0.046548725279264534,-0.027685255641953788,0.0,0,49,0,0
King Cardbeard,71,-0.13151382641697593,-0.08934787048085724,0.0,0,71,0,0
Kiss King,48,-0.2989284686795143,-0.05285366986191775,0.0,0,47,1,0
L'Inspecteur,62,-0.36916380470373594,-0.10444891901283881,0.0,0,62,0,0
L'homme Burglerre,50,-0.2116586589732674,-0.08305576692587024,0.0,0,49,1,0
Large Luchador,55,-1.64997315284674,-0.7172998052688513,0.0,0,55,0,0
Larrikin Robin,64,-0.385140785026868,-0.10696576043483574,0.0,0,64,0,0
Law,49,-0.5182071619497312,-0.2070102069591826,0.0,0,48,1,0
Lawnmaker,62,-0.1893111285722365,-0.1478644335422672,0.0,0,62,0,0
Le Party Phantom,58,-1.3374804402275888,-0.6795471839390075,0.0,0,57,1,0
Le Sapeur,13,-0.07231079008581134,-0.05033682843992082,0.0,0,13,0,0
Legendary Lid,50,-1.7306556670071338,-1.145162847008237,0.0,0,50,0,0
Letch's LED,55,-0.2943396831115108,-0.08746023941436398,0.0,0,54,1,0
Lightning Lid,15,-0.7329881167993212,-0.45303145595929095,0.0,0,15,0,0
Lil' Bitey,31,-0.9546541890496537,-0.4102451517853467,0.0,0,31,0,0
Liquidator's Lid,63,-0.6460891729719221,-0.22651572797964548,0.0,0,63,0,0
Little Buddy,60,-0.3082461064155914,-0.07928050479287663,0.0,0,59,1,0
Lord Cockswain's Pith Helmet,62,-0.4481759908330778,-0.1422015403427821,0.0,0,61,1,0
Lucky Cat Hat,18,-2.730912767389152,-1.759272153975246,0.0,0,18,0,0
Lucky Shot,61,-0.5984000217580774,-0.30265018099500907,0.0,0,60,1,0
Ludicrously Lunatic Lunon Fedora,58,-0.12087347898224193,-0.09815681545785182,0.0,0,58,0,0
Lumbercap,59,-0.21836798710504846,-0.1635946924297471,0.0,0,59,0,0
Madame Dixie,62,-0.19450334041198225,-0.10696576043482509,0.0,0,61,1,0
Magistrate's Mullet,59,-0.2516407483819869,-0.09626918439134968,0.0,0,58,1,0
Magnificent Mongolian,61,-0.267655598390024,-0.06417945626090216,0.0,0,60,1,0
Mann of Reason,47,-0.11671182721788023,-0.057887352705904505,0.0,0,47,0,0
Mann of the Hour,21,-0.08582429249006544,-0.05788735270590806,0.0,0,20,1,0
Mann-O-War,89,-0.08832982226522107,-0.06292103554990547,0.0,0,89,0,0
Mannhattan Protect,38,-0.06406354909014943,-0.04026946275193666,0.0,0,38,0,0
Mask of the Shaman,38,-1.4936390221539895,-0.8115296091546327,0.0,0,38,0,0
Master's Yellow Belt,60,-2.244404002647292,-0.9312313261385157,0.0,0,59,1,0
Mean Captain,65,-0.40540507212767524,-0.33977359196948953,0.0,0,65,0,0
Medic's Mountain Cap,60,-0.38197263314493296,-0.13213417465479438,0.0,0,60,0,0
Melted Mop,63,-0.10828410594159246,-0.07550524265987946,0.0,0,63,0,0
Merc's Mohawk,47,-0.8755127410409609,-0.1283589125218043,0.0,0,47,0,0
Merry Cone,9,-0.08333541597275801,-0.06543787697189885,0.0,0,9,0,0
Metal Slug,52,-0.19275617236729528,-0.0591457734169083,0.0,0,52,0,0
Mighty Mitre,69,-0.11758026556238191,-0.08557260834787073,0.0,0,69,0,0
Milkman,58,-0.45985318190074276,-0.1510104853197589,0.0,0,57,1,0
Millennial Mercenary,25,-0.3178267347696648,-0.25168414219960766,0.0,0,25,0,0
Mining Light,31,-1.441956814212932,-0.6795471839390075,0.0,0,31,0,0
Minnesota Slick,41,-0.4959121416865345,-0.10067365687984875,0.0,0,40,1,0
Misdirector,11,-0.11222824704445923,-0.06292103554990547,0.0,0,11,0,0
Misfortune Fedora,23,-0.19893990022560143,-0.1522689060307627,0.0,0,23,0,0
Missing Piece,78,-0.07636032339940645,-0.059145773416904746,0.0,0,78,0,0
Mister Bones,18,-0.7000314766235134,-0.5222445950641799,0.0,0,18,0,0
Mo'Horn,16,-0.25781894316571874,-0.14471838176477547,0.0,0,16,0,0
Modest Metal Pile of Scrap,60,-0.5086152588891246,-0.12080838825580997,0.0,0,59,1,0
Modest Pile of Hat,61,-0.7112803595346008,-0.26426834930960297,0.0,0,60,1,0
Monsieur Grenouille,33,-0.23997701619123452,-0.2013473137596833,0.0,0,33,0,0
Mooshanka,44,-0.0831987692793932,-0.05159524915091929,0.0,0,44,0,0
More Gun Marshal,67,-0.14659662163193576,-0.08431418763686693,0.0,0,67,0,0
Mountebank's Masque,20,-0.671304528281883,-0.5033682843992437,0.0,0,20,0,0
Mr. Rostov,4,-0.3315938573479791,-0.36871726832242757,0.0,0,4,0,0
Murderer's Motif,76,-0.13057770693329498,-0.0767636633708797,0.0,0,76,0,0
Nanobalaclava,63,-0.27079146256893816,-0.10444891901283881,0.0,0,62,1,0
Napoleon Complex,39,-0.13168243388674228,-0.04026946275193666,0.0,0,39,0,0
Napper's Respite,61,-0.40404432509036475,-0.17114521669574145,0.0,0,61,0,0
Nasty Norsemann,70,-0.4001058763424516,-0.18121258238371496,0.0,0,70,0,0
Neckwear Headwear,47,-0.5567143797567341,-0.0855726083478654,0.0,0,46,1,0
Necroprancer,11,-1.946090428616995,-1.4698353904457235,0.0,0,11,0,0
Neptune's Nightmare,22,-0.30705465348351785,-0.2340662522456327,0.0,0,22,0,0
Nightbane Brim,59,-0.11170083497452055,-0.07676366337088325,0.0,0,59,0,0
Nightcap,43,-0.06807178078561466,-0.06040419412790499,0.0,0,43,0,0
Noble Amassment of Hats,61,-0.43933323707235566,-0.11325786398982274,0.0,0,61,0,0
Noble Nickel Amassment of Hats,53,-0.13659914813900617,-0.05411209057291266,0.0,0,52,1,0
Noh Mercy,22,-4.558400221824464,-1.8435863416121379,0.0,0,22,0,0
Nuke,119,-0.3552659141678884,-0.2214820451356445,0.0,0,119,0,0
Nunhood,48,-0.749022494025282,-0.3146051777494989,0.0,0,48,0,0
Officer's Ushanka,57,-0.6413088563696577,-0.15981943029674994,0.0,0,57,0,0
Oktoberfester,66,-0.14952326084312956,-0.10696576043483219,0.0,0,66,0,0
Ol' Geezer,54,-0.2877888286893206,-0.06103340448340688,0.0,0,54,0,0
Ol' Reliable,27,-0.11670686890144664,-0.07550524265987946,0.0,0,27,0,0
Ol' Snaggletooth,59,-0.27994528528558105,-0.10067365687984875,0.0,0,59,0,0
Old Days Devotion,2,-0.5851656306140711,-0.5851656306140711,0.0,0,2,0,0
Old Guadalajara,63,-0.2336310081304345,-0.09815681545785182,0.0,0,62,1,0
Old Man Frost,18,-0.25902492968042423,-0.1302465435882958,0.0,0,18,0,0
One-Man Army,67,-0.4660852230360592,-0.13590943678778444,0.0,0,67,0,0
Onimann,16,-2.4691787375669456,-2.139315208696587,0.0,0,16,0,0
Optic Nerve,66,-0.09584971082101756,-0.07550524265987946,0.0,0,66,0,0
Otolaryngologist's Mirror,60,-0.29052739481240664,-0.1346510160767842,0.0,0,60,0,0
Outdoorsman,59,-0.29153768624197285,-0.09060629119186103,0.0,0,59,0,0
Outta Sight,45,-0.6933040103477588,-0.1459768024757757,0.0,0,44,1,0
Pampered Pyro,50,-0.29231854695773596,-0.06292103554990192,0.0,0,50,0,0
Panisher,20,-0.13553191057448757,-0.10948260185682912,0.0,0,20,0,0
Pardner's Pompadour,47,-0.19949984505630325,-0.09815681545784827,0.0,0,47,0,0
Partizan,81,-0.11881977281127087,-0.07802208408187994,0.0,0,81,0,0
Patriot Peak,165,-1.1895812847103322,-0.4492561938263009,0.0,0,165,0,0
Peacebreaker,4,-0.48575039444525103,-0.2693020321535826,0.0,0,4,0,0
Peacenik's Ponytail,43,-0.1499130253973799,-0.07550524265987946,0.0,0,43,0,0
Pencil Pusher,61,-2.284096511496984,-0.9312313261385441,0.0,0,60,1,0
Pestering Jester,16,-0.5782443167035973,-0.39954857574187486,0.0,0,16,0,0
Phononaut,39,-0.1674344889581739,-0.08808944976986055,0.0,0,39,0,0
Physician's Protector,41,-0.2177382435204346,-0.09060629119185393,0.0,0,40,1,0
Pirate Bandana,55,-0.3613764808415976,-0.11451628470082653,0.0,0,54,1,0
Pithy Professional,95,-0.5715104271543014,-0.2013473137596833,0.0,0,94,1,0
Plaid Lad,34,-0.13294844687955626,-0.11577470541181611,0.0,0,34,0,0
Platinum Pickelhaube,53,-0.27540418541257106,-0.06292103554990547,0.0,0,53,0,0
Plug-In Prospector,54,-0.12329769489285745,-0.047819987017927446,0.0,0,53,1,0
Plumber's Cap,37,-0.3836822713721283,-0.25168414219960766,0.0,0,37,0,0
Plumber's Pipe,53,-0.08684290095236373,-0.04026946275193666,0.0,0,53,0,0
Polar Bear,110,-0.14883112945208055,-0.11325786398982274,0.0,0,110,0,0
Polar Charger,27,-0.20745298461675077,-0.1761788995397211,0.0,0,27,0,0
Polar Pullover,43,-5.361106353634948,-3.020209706395235,0.0,0,43,0,0
Pom-Pommed Provocateur,52,-0.21342331250561092,-0.08305576692587024,0.0,0,52,0,0
Pomade Prince,46,-0.44439030041042854,-0.1308757539437977,0.0,0,45,1,0
Potassium Bonnet,13,-2.6915682976385473,-1.6510479728293603,0.0,0,13,0,0
Powdered Practitioner,55,-0.4973965061161122,-0.0943815533248511,0.0,0,55,0,0
Power Spike,22,-0.6170837559203122,-0.49204249800024513,0.0,0,22,0,0
Prancer's Pride,63,-0.2137055133061611,-0.06543787697189885,0.0,0,62,1,0
Prehistoric Pullover,69,-1.0983792064581672,-0.5033682843992437,0.0,0,68,1,0
Prince Tavish's Crown,55,-0.5785022236248971,-0.1887631066497022,0.0,0,55,0,0
Private Eye,62,-0.4214381050440242,-0.1409431196317641,0.0,0,61,1,0
Professional's Panama,59,-0.308728992904081,-0.11577470541182322,0.0,0,59,0,0
Professional's Pom-Pom,46,-0.32420747491386076,-0.22651572797964548,0.0,0,46,0,0
Professional's Ushanka,25,-0.31747437697058234,-0.18624626522770882,0.0,0,25,0,0
Professor Photon,8,0.20771568523655692,-0.047190776662427325,0.0,1,7,0,0
Professor's Peculiarity,46,-0.25917995252163145,-0.07298840123788608,0.0,0,46,0,0
Propaniac,13,-0.4721013698105796,-0.4026946275193666,0.0,0,13,0,0
Provisions Cap,32,-0.17311149905666734,-0.1459768024757615,0.0,0,32,0,0
Prussian Pickelhaube,31,-0.5200974852383637,-0.10822418114582888,0.0,0,31,0,0
Puffy Polar Cap,95,-0.11651651130461818,-0.08053892550387332,0.0,0,95,0,0
Pugilist's Protector,59,-0.23815154432890479,-0.06543787697189885,0.0,0,59,0,0
Punk's Pomp,87,-0.31035258362268414,-0.23154941082363223,0.0,0,87,0,0
Pure Tin Capotain,52,-0.21331441071330784,-0.057887352705904505,0.0,0,52,0,0
Pyro's Beanie,31,-0.29688653018735467,-0.0704715598158927,0.0,0,31,0,0
Pyro's Boron Beanie,51,-0.1314679519254396,-0.0591457734169083,0.0,0,51,0,0
Pyromancer's Hood,17,-0.7134505183881693,-0.3146051777494989,0.0,0,17,0,0
Pyromancer's Mask,60,-3.0878241389000753,-1.1954996754481044,0.0,0,60,0,0
Racc Mann,41,-0.36748954079949464,-0.270560452864558,0.0,0,41,0,0
Razor Cut,42,-0.2650049858233414,-0.11577470541182322,0.0,0,41,1,0
Rebel Rouser,51,-0.34279380167586554,-0.10696576043483219,0.0,0,50,1,0
Reel Fly Hat,67,-0.1255227703223861,-0.07928050479287663,0.0,0,67,0,0
Reggaelator,62,-0.9102238191081509,-0.3083130741945084,0.0,0,62,0,0
Reindoonibeanie,79,-0.21265717078257948,-0.15604416816375988,0.0,0,79,0,0
Reindoonihorns,26,-0.09505916447692911,-0.08053892550387509,0.0,0,26,0,0
Respectless Robo-Glove,55,-0.1835921415463293,-0.06543787697189885,0.0,0,55,0,0
Respectless Rubber Glove,60,-0.18009571895033988,-0.06355024590540381,0.0,0,60,0,0
Rimmed Raincatcher,60,-0.26846308501291555,-0.09123550154735227,0.0,0,60,0,0
Ritzy Rick's Hair Fixative,32,-0.48276164525661425,-0.3397735919694682,0.0,0,32,0,0
Roaming Roman,52,-0.07630385580340023,-0.05033682843992082,0.0,0,52,0,0
Rotation Sensation,129,-1.2299940602084896,-0.5033682843992437,0.0,0,129,0,0
Round-a-Bout,17,-0.1319861251593825,-0.08305576692587024,0.0,0,17,0,0
Runner's Warm-Up,48,-0.12896190577915212,-0.07172998052689117,0.0,0,48,0,0
Safe'n'Sound,65,-0.4475285168246281,-0.12584207109980383,0.0,0,65,0,0
Salty Dog,64,-1.5952180381113081,-0.33977359196948953,0.0,0,63,1,0
Sammy Cap,41,-0.17670068373696687,-0.08053892550387332,0.0,0,41,0,0
Samur-Eye,61,-0.799520063362041,-0.22022362442464782,0.0,0,61,0,0
SandMann's Brush,34,-0.151787745170674,-0.09689839474684803,0.0,0,34,0,0
Scot Bonnet,17,-0.54933765272449,-0.3649420061894091,0.0,0,17,0,0
Scotch Bonnet,61,-0.48279001129723126,-0.1182915468338166,0.0,0,61,0,0
Scotsman's Stove Pipe,60,-0.5706937924375998,-0.13213417465479438,0.0,0,60,0,0
Scout Shako,45,-0.13758256432400212,-0.05159524915091929,0.0,0,44,1,0
Screamin' Eagle,46,-0.25414626967764176,-0.09941523616884851,0.0,0,46,0,0
Scrooge McCrocket,3,-0.11535523184148981,-0.07802208408187994,0.0,0,3,0,0
Scrooge McDoc,12,-0.19033613253844983,-0.1409431196317783,0.0,0,12,0,0
Scruffed 'n Stitched,9,-0.7298840123788608,-0.8053892550387332,0.0,0,9,0,0
Sear Seer,9,-0.5732805461213215,-0.4152788346293619,0.0,0,9,0,0
Seared Sorcerer,91,-0.46347219922086685,-0.3422904333914829,0.0,0,91,0,0
Seasonal Spring,13,-0.08944467207401288,-0.08808944976986055,0.0,0,13,0,0
Second-Head Headwear,54,-0.10183886124187834,-0.08368497728137214,0.0,0,54,0,0
Semi-Tame Trapper's Hat,38,-0.09686527841234877,-0.06921313910489424,0.0,0,38,0,0
Sergeant's Drill Hat,63,-0.9494000734180917,-0.24161677651163416,0.0,0,63,0,0
Shadow Shroud,37,-0.6169662620947062,-0.3775262132994044,0.0,0,37,0,0
Shadow of Doubt,16,-0.23524602166219366,-0.18561705487220692,0.0,0,16,0,0
Shellmet,115,-0.41660291207309375,-0.1887631066497022,0.0,0,115,0,0
Sheriff's Stetson,27,-0.243108238095032,-0.1761788995397211,0.0,0,27,0,0
Shoestring Santa,56,-0.10988709422822186,-0.06732550803839565,0.0,0,56,0,0
Shooter's Sola Topi,59,-0.3402160552588629,-0.07298840123788608,0.0,0,58,1,0
Shooter's Tin Topi,56,-0.22722501965311423,-0.06543787697189885,0.0,0,55,1,0
Short Fuse,5,-0.16510479728294314,-0.1635946924297471,0.0,0,5,0,0
Shutterbug,71,-0.07543434571841794,-0.057887352705904505,0.0,0,71,0,0
Siberian Facehugger,21,-0.2880584932270289,-0.15730258887474946,0.0,0,21,0,0
Sightseer,21,-0.30028315156243357,-0.21644836229165776,0.0,0,21,0,0
Sinner's Shade,107,-0.1478232702479831,-0.11325786398982274,0.0,0,107,0,0
Sir Pumpkinton,31,-0.12064601138987617,-0.07550524265987946,0.0,0,31,0,0
Skullbrero,47,-0.1419337912553323,-0.1182915468338166,0.0,0,47,0,0
Skullcap,17,-1.6272860288158606,-0.4253462003173354,0.0,0,17,0,0
Sky High Fly Guy,141,-0.09862422886478944,-0.06732550803839565,0.0,0,140,1,0
Sleeveless in Siberia,4,-5.980015218662658,-2.245022548420593,0.0,0,4,0,0
Slick Cut,58,-0.4055867873990282,-0.11954996754481328,0.0,0,57,1,0
Slo-Poke,44,-0.40406745011318895,-0.1547857474527632,0.0,0,44,0,0
Smissmas Saxton,35,-0.3461735601568285,-0.3020209706395178,0.0,0,35,0,0
Smissmas Sorcerer,31,-0.13655894425152748,-0.11577470541182322,0.0,0,31,0,0
Smokey Sombrero,66,-0.22283877996470003,-0.10444891901283881,0.0,0,64,2,0
Smoking Skid Lid,41,-0.13259457247588968,-0.09060629119186103,0.0,0,41,0,0
Snack Stack,53,-0.06381142756240034,-0.041527883462933346,0.0,0,53,0,0
Sneaky Blinder,19,-0.09941523616884626,-0.07928050479287663,0.0,0,19,0,0
Snowcapped,58,-0.12227292960050785,-0.10067365687984875,0.0,0,58,0,0
Snowmann,18,-1.1107660142409348,-0.6229182519440144,0.0,0,18,0,0
Sober Stuntman,55,-0.25442937559001644,-0.0704715598158927,0.0,0,55,0,0
Soda Cap,22,-0.1573597898161639,-0.1541565370972613,0.0,0,22,0,0
Soft Hard Hat,55,-0.07843393086002359,-0.06040419412790499,0.0,0,55,0,0
Soldered Sensei,51,-2.237940847556593,-0.7172998052688513,0.0,0,51,0,0
Soldier's Slope Scopers,56,-0.4662791939896079,-0.12584207109980383,0.0,0,55,1,0
Soldier's Stash,30,-2.63056070691322,-1.2017917790030879,0.0,0,30,0,0
Sole Mate,44,0.14125425808581218,-0.10319049830184213,0.0,1,43,0,0
Sophisticated Smoker,76,-0.2441501761008673,-0.18624626522770882,0.0,0,76,0,0
Soviet Gentleman,50,-0.2165125674299766,-0.08305576692587024,0.0,0,49,1,0
Spiky Viking,73,-0.057008182072199,-0.047819987017927446,0.0,0,73,0,0
Spirit of the Bombing Past,24,-0.11303900821399784,-0.06543787697189885,0.0,0,23,1,0
Splitting Headache,63,-0.06166261483890351,-0.05033682843992082,0.0,0,63,0,0
Spook Specs,43,-0.48958558137400277,-0.14408917140927713,0.0,0,42,1,0
Spooky Head-Bouncers,93,-0.12856864930696588,-0.06921313910489246,0.0,0,93,0,0
Squatter's Right,55,-0.09829409771722811,-0.07172998052688939,0.0,0,55,0,0
Stainless Pot,64,-0.6733549550435434,-0.20260573447067998,0.0,0,63,1,0
Starboard Crusader,90,-0.43625251314598146,-0.3020209706395178,0.0,0,90,0,0
Starlight Sorcerer,80,-0.49459079993999977,-0.2944704463735519,0.0,0,80,0,0
Stately Steel Toe,56,-0.18999621312527756,-0.05159524915091929,0.0,0,56,0,0
Steel Shako,50,-0.22382270765811185,-0.055370511283912904,0.0,0,50,0,0
Stormin' Norman,51,-0.21566814145084356,-0.07550524265987946,0.0,0,50,1,0
Stout Shako,64,-0.31556397448169826,-0.10193207759083833,0.0,0,63,1,0
Strigoi Stare,29,-0.16763031746846307,-0.13339259536579107,0.0,0,29,0,0
Strikeout,37,-0.06105041016868779,-0.03775262132993795,0.0,0,37,0,0
Strontium Stove Pipe,53,-0.2367611720701293,-0.047819987017927446,0.0,0,53,0,0
Sucker Slug,9,-0.7075120886277786,-0.3901104204093997,0.0,0,9,0,0
Sultan's Ceremonial,59,-0.21668612287850458,-0.0704715598158927,0.0,0,59,0,0
Surgeon General,25,-0.129415985919037,-0.0931231326138473,0.0,0,25,0,0
Surgeon's Shako,19,-0.18425928515771162,-0.1409431196317641,0.0,0,19,0,0
Surgeon's Stahlhelm,64,-0.7419729123457862,-0.1887631066497022,0.0,0,63,1,0
Swagman's Swatter,61,-0.8185594150208758,-0.14975206460876933,0.0,0,60,1,0
Tam O' Shanter,60,-0.3278864751775201,-0.10256128794634378,0.0,0,60,0,0
Tank Top,65,-0.06218534344193377,-0.047819987017927446,0.0,0,65,0,0
Tartan Spartan,50,-0.35311285150604815,-0.11703312612281991,0.0,0,50,0,0
Tartan Tyrolean,47,-0.2985739921702672,-0.1000444465243433,0.0,0,46,1,0
Taunt: Bad Pipes,91,-0.0162177240529993,-0.012395444003330702,0.0,0,91,0,0
Taunt: Bare Knuckle Beatdown,42,-0.02225457102604297,-0.011860615201156666,0.0,0,42,0,0
Taunt: Battin' a Thousand,75,-0.012136209336865092,-0.008431418763686693,0.0,0,75,0,0
Taunt: Bear Hug,5,-0.07928050479287804,-0.07676366337088325,0.0,0,5,0,0
Taunt: Borrowed Bones,23,-0.022276782281863222,-0.015101048531977135,0.0,0,23,0,0
Taunt: Bucking Bronco,85,-0.020775045443623397,-0.013716785749878113,0.0,0,85,0,0
Taunt: Burstchester,94,-0.03167070080859649,-0.022651572797965258,0.0,0,94,0,0
Taunt: Buy a Life,95,-0.02075731846456751,-0.012395444003330702,0.0,0,95,0,0
Taunt: Can It!,33,-0.030072441596759165,-0.027685255641953788,0.0,0,33,0,0
Taunt: Chairholder,5,-0.11401291641642289,-0.10696576043482509,0.0,0,5,0,0
Taunt: Cheers!,33,-0.07729753882403056,-0.06292103554990547,0.0,0,33,0,0
Taunt: Commending Clap,12,-0.06459892983123387,-0.03775262132993795,0.0,0,12,0,0
Taunt: Conga,137,-0.14165959273731216,-0.08808944976986055,0.0,0,137,0,0
Taunt: Cremators Condolences,15,-0.030814528476639205,-0.018876310664969864,0.0,0,15,0,0
Taunt: Crushing Defeat,9,-0.029153413138121625,-0.021393152086966793,0.0,0,9,0,0
Taunt: Curtain Call,7,-0.09377032040808116,-0.015101048531977135,0.0,0,7,0,0
Taunt: Dead Mann's Drink,2,-0.0415278834629369,-0.0415278834629369,0.0,0,2,0,0
Taunt: Deep Fried Desire,83,-0.015366378199957773,-0.011325786398982629,0.0,0,83,0,0
Taunt: Didgeridrongo,105,-0.04874582511244537,-0.023280783153463602,0.0,0,105,0,0
Taunt: Disco Fever,75,-0.021620506762086815,-0.015101048531977135,0.0,0,75,0,0
Taunt: Doctor's Defibrillators,39,-0.010496519417632414,-0.007550524265988123,0.0,0,39,0,0
Taunt: Drunk Mann's Cannon,42,-0.024041828059638466,-0.018876310664970752,0.0,0,42,0,0
Taunt: Flippin' Awesome,104,-0.037080455267480314,-0.025168414219962187,0.0,0,104,0,0
Taunt: Flying Colors,20,-0.34354885410246877,-0.31460517774952024,0.0,0,20,0,0
Taunt: Fore-Head Slice,4,-0.02768525564195623,-0.022651572797963482,0.0,0,4,0,0
Taunt: Foul Play,20,-0.024048419787172738,-0.015730258887475923,0.0,0,20,0,0
Taunt: Fresh Brewed Victory,96,-0.03147690346129216,-0.019505521020469097,0.0,0,96,0,0
Taunt: Healthcare Hog,1,-0.025168414219962187,-0.025168414219962187,0.0,0,1,0,0
Taunt: Heartbreaker,4,-0.04813459219567662,-0.04907840772892502,0.0,0,4,0,0
Taunt: I See You,84,-0.01251903889458941,-0.007865129443737517,0.0,0,84,0,0
Taunt: Kazotsky Kick,134,-0.1415253739905994,-0.0874602394143622,0.0,0,134,0,0
Taunt: Killer Joke,28,-0.03031445605600672,-0.022651572797965258,0.0,0,28,0,0
Taunt: Luxury Lounge,122,-0.04409733099662064,-0.025168414219962187,0.0,0,122,0,0
Taunt: Mannrobics,131,-0.09313273887882365,-0.057887352705904505,0.0,0,131,0,0
Taunt: Most Wanted,69,-0.013639274329273521,-0.009941523616884052,0.0,0,69,0,0
Taunt: Mourning Mercs,44,-0.11737633177127255,-0.07550524265987946,0.0,0,44,0,0
Taunt: Neck Snap,34,-0.049256067123417575,-0.030202097063951605,0.0,0,34,0,0
Taunt: Oblooterated,102,-0.024351057630709803,-0.017617889953973176,0.0,0,102,0,0
Taunt: Panzer Pants,89,-0.033020818061003,-0.021393152086966793,0.0,0,89,0,0
Taunt: Party Trick,85,-0.016651126748935312,-0.011954996754481861,0.0,0,85,0,0
Taunt: Peace Out,12,-0.03079984690167666,-0.023909993508961058,0.0,0,12,0,0
Taunt: Peace!,6,-0.03603277969157603,-0.02894367635295314,0.0,0,6,0,0
Taunt: Pool Party,104,-0.05143189646247286,-0.031460517774951846,0.0,0,104,0,0
Taunt: Rancho Relaxo,124,-0.07598729898062785,-0.05285366986191775,0.0,0,124,0,0
Taunt: Results Are In,78,-0.016237660571589343,-0.010193207759083833,0.0,0,78,0,0
Taunt: Ring King,1,-0.007550524265988123,-0.007550524265988123,0.0,0,1,0,0
Taunt: Roar O'War,31,-0.03756994735576405,-0.03271893848594942,0.0,0,31,0,0
Taunt: Roasty Toasty,58,-0.06420115316970973,-0.037123410974440496,0.0,0,58,0,0
"Taunt: Rock, Paper, Scissors",129,-0.0657061449529242,-0.047819987017927446,0.0,0,129,0,0
Taunt: Rocket Jockey,69,-0.023235188200166693,-0.015101048531977135,0.0,0,69,0,0
Taunt: Runner's Rhythm,96,-0.024235740953424196,-0.016988679598473944,0.0,0,96,0,0
Taunt: Russian Rubdown,57,-0.0534365173491166,-0.03649420061894304,0.0,0,57,0,0
Taunt: Scorcher's Solo,64,-0.023859853308758415,-0.017617889953973176,0.0,0,64,0,0
Taunt: Scotsmann's Stagger,112,-0.04077620180609814,-0.025168414219962187,0.0,0,112,0,0
Taunt: Second Rate Sorcery,100,-0.02979122270181185,-0.016988679598473944,0.0,0,100,0,0
Taunt: Shanty Shipmate,34,-0.030685108542733163,-0.017303284776223116,0.0,0,34,0,0
Taunt: Shooter's Stakeout,67,-0.04402875984606003,-0.027685255641953788,0.0,0,67,0,0
Taunt: Skullcracker,125,-0.03331009176349424,-0.018876310664969864,0.0,0,124,1,0
Taunt: Soldier's Requiem,109,-0.02671777256322619,-0.015101048531977135,0.0,0,109,0,0
Taunt: Spent Well Spirits,69,-0.015373706352692737,-0.010067365687984164,0.0,0,69,0,0
Taunt: Spin-to-Win,49,-0.012729310722575125,-0.009060629119185482,0.0,0,49,0,0
Taunt: Square Dance,107,-0.042386432172307996,-0.027685255641953788,0.0,0,107,0,0
Taunt: Star-Spangled Strategy,28,-0.015235879322440542,-0.012584207109980206,0.0,0,28,0,0
Taunt: Straight Shooter Tutor,16,-0.02738638072309535,-0.019820126198219157,0.0,0,16,0,0
Taunt: Surgeon's Squeezebox,126,-0.045308139328909654,-0.03020209706395427,0.0,0,126,0,0
Taunt: Tailored Terminal,26,-0.02447144274925387,-0.015730258887475923,0.0,0,26,0,0
Taunt: Teufort Tango,22,-0.025051152290071762,-0.015101048531975803,0.0,0,22,0,0
Taunt: Texan Trickshot,6,-0.11808181004864811,-0.11011181221232746,0.0,0,6,0,0
Taunt: Texas Truckin',55,-0.02441908188750288,-0.013842627820976894,0.0,0,55,0,0
Taunt: Texas Twirl 'Em,38,-0.023148317815464312,-0.012961733323279656,0.0,0,38,0,0
Taunt: The Balloonibouncer,90,0.372745104390041,-0.018876310664969864,0.0,1,89,0,0
Taunt: The Boston Boarder,66,-0.03609570072712697,-0.024853809042213015,0.0,0,66,0,0
Taunt: The Boston Breakdance,83,-0.017617889953972378,-0.011829154683382193,0.0,0,83,0,0
Taunt: The Box Trot,85,-0.02618403375848366,-0.01573025888747548,0.0,0,85,0,0
Taunt: The Bunnyhopper,71,-0.017113635457804706,-0.012521286074430371,0.0,0,71,0,0
Taunt: The Carlton,99,-0.02169885934049697,-0.015101048531977135,0.0,0,99,0,0
Taunt: The Critical Fail,3,-0.18205152952438297,-0.09815681545784827,0.0,0,3,0,0
Taunt: The Crypt Creeper,20,-0.03852969611898201,-0.024539203864462955,0.0,0,20,0,0
Taunt: The Drunken Sailor,54,-0.021048251595804212,-0.010035905170209247,0.0,0,54,0,0
Taunt: The Dueling Banjo,95,-0.05554933949021351,-0.03775262132993795,0.0,0,95,0,0
Taunt: The Final Score,5,-0.03649420061894286,-0.027685255641953788,0.0,0,5,0,0
Taunt: The Fist Bump,77,-0.03899469891482239,-0.025168414219962187,0.0,0,77,0,0
Taunt: The Fubar Fanfare,81,-0.027324042289725778,-0.02013473137596833,0.0,0,81,0,0
Taunt: The Head Doctor,29,-0.019364491113202792,-0.012584207109980206,0.0,0,29,0,0
Taunt: The Headcase,71,-0.015075348390695378,-0.010067365687984164,0.0,0,71,0,0
Taunt: The High Five!,125,-0.0685436592866401,-0.044044724884930275,0.0,0,125,0,0
Taunt: The Homerunner's Hobby,82,-0.04471767303343431,-0.03020209706395427,0.0,0,82,0,0
Taunt: The Hot Wheeler,49,-0.03783865621528457,-0.027685255641953788,0.0,0,49,0,0
Taunt: The Jumping Jack,70,-0.02444751892694612,-0.014471838176477014,0.0,0,70,0,0
Taunt: The Killer Signature,22,-0.01305611487660473,-0.009941523616884718,0.0,0,22,0,0
Taunt: The Killer Solo,114,-0.03277578819350708,-0.02296617797571443,0.0,0,114,0,0
Taunt: The Mannbulance!,62,-0.03748875892279612,-0.027685255641953788,0.0,0,62,0,0
Taunt: The Meet the Medic,114,-0.039490125013371305,-0.021393152086966793,0.0,0,114,0,0
Taunt: The Pooped Deck,90,-0.03566574031753628,-0.025168414219962187,0.0,0,90,0,0
Taunt: The Profane Puppeteer,40,-0.013035665540050922,-0.009532536885809684,0.0,0,40,0,0
Taunt: The Proletariat Posedown,92,-0.023974282393111352,-0.015101048531977135,0.0,0,92,0,0
Taunt: The Punchline,11,-0.03146051777495067,-0.015101048531977135,0.0,0,11,0,0
Taunt: The Road Rager,37,-0.041663928945205396,-0.0264268349309571,0.0,0,37,0,0
Taunt: The Russian Arms Race,88,-0.02228477176117943,-0.013842627820976894,0.0,0,88,0,0
Taunt: The Scaredy-Cat!,68,-0.0494392783739886,-0.03775262132993795,0.0,0,68,0,0
Taunt: The Schadenfreude,146,-0.154587503094177,-0.08808944976986055,0.0,0,146,0,0
Taunt: The Scooty Scoot,85,-0.02241469360530624,-0.015101048531977135,0.0,0,85,0,0
Taunt: The Shred Alert,127,-0.05156056826518329,-0.03271893848594942,0.0,0,127,0,0
Taunt: The Skating Scorcher,79,-0.028495264416060876,-0.02013473137596833,0.0,0,79,0,0
Taunt: The Soviet Strongarm,89,-0.028934485639896958,-0.015101048531977135,0.0,0,89,0,0
Taunt: The Table Tantrum,59,-0.02675956989861235,-0.017617889953973176,0.0,0,59,0,0
Taunt: The Trackman's Touchdown,69,-0.009506547762430848,-0.007298840123788786,0.0,0,69,0,0
Taunt: The Travel Agent,34,-0.02210934152101991,-0.017617889953973176,0.0,0,34,0,0
Taunt: The Victory Lap,125,-0.08075247568513468,-0.05285366986191775,0.0,1,124,0,0
Taunt: Time Out Therapy,89,-0.04533778751437816,-0.03020209706395427,0.0,0,89,0,0
Taunt: Unleashed Rage,20,-0.07333446693340964,-0.06921313910489424,0.0,0,20,0,0
Taunt: Yeti Punch,83,-0.017551936579359946,-0.011514549505632132,0.0,0,83,0,0
Taunt: Yeti Smash,105,-0.023676886053449187,-0.017617889953973176,0.0,0,105,0,0
Taunt: Zoomin' Broom,124,-0.08653164671229616,-0.03775262132993795,0.0,0,124,0,0
Tavish DeGroot Experience,51,-0.2618748824671019,-0.07550524265987946,0.0,0,51,0,0
Team Cap,5,-0.8048858867543174,-0.6896145496269241,0.0,0,5,0,0
Team Captain,59,-3.2648616093142615,-1.1829154683381091,0.0,0,58,1,0
Telefragger Toque,43,-0.07611982021641549,-0.06040419412790499,0.0,0,43,0,0
Teutonic Toque,48,-0.2075083318239457,-0.095010763680353,0.0,0,48,0,0
Texas Slim's Dome Shine,26,-0.2788853898757942,-0.2139315208696715,0.0,0,26,0,0
Texas Ten Gallon,62,-0.7850657363411265,-0.27685255641956985,0.0,0,61,1,0
Texas Tin-Gallon,49,-0.19665445319158714,-0.07676366337088147,0.0,0,48,1,0
Texas Toast,11,-0.7650053904039773,-0.656895611140925,0.0,0,11,0,0
Thirst Blood,28,-0.173751945311373,-0.1283589125217972,0.0,0,28,0,0
Thousand-Yard Stare,74,-0.20779456507356395,-0.15604416816375988,0.0,0,73,1,0
Throttlehead,84,-0.07348278080292146,-0.049078407728924134,0.0,0,84,0,0
Thunder Dome,53,-0.06548536454589793,-0.05033682843992082,0.0,0,53,0,0
Timeless Topper,52,-0.16566738536550493,-0.07676366337088325,0.0,0,51,1,0
Tipped Lid,45,-0.26189451024110705,-0.08934787048086079,0.0,0,44,1,0
Tippler's Tricorne,58,-0.27618920081153336,-0.08808944976986055,0.0,0,57,1,0
Titanium Tyrolean,52,-0.19522461299270982,-0.08620181870336552,0.0,0,52,0,0
Toadstool Topper,31,-0.7198166466908662,-0.49078407728922,0.0,0,31,0,0
Top Brass,13,-0.09602718040846597,-0.08431418763686693,0.0,0,13,0,0
Tough Guy's Toque,57,-0.2670059662949155,-0.10067365687984875,0.0,0,57,0,0
Tough Stuff Muffs,57,-1.3893863521354426,-0.28943676352955094,0.0,0,56,1,0
Towering Patch of Pumpkins,17,-0.3609446698133128,-0.32718938485948,0.0,0,17,0,0
Towering Pile of Presents,7,-0.3937059081550954,-0.3901104204093997,0.0,0,7,0,0
Towering Pillar of Beanies,20,-0.21298770533641403,-0.21896520371365824,0.0,0,20,0,0
Towering Pillar of Hats,62,-0.5795433316310783,-0.14220154034277144,0.0,0,62,0,0
Towering Titanium Pillar of Hats,56,-0.25390885024225807,-0.0767636633708797,0.0,0,56,0,0
Toy Soldier,41,-0.08318160899696991,-0.037752621329941505,0.0,0,40,1,0
Toy Tailor,39,-0.12420281254205558,-0.040269462751937546,0.0,0,38,1,0
Train of Thought,46,-0.07298840123788612,-0.06292103554990192,0.0,0,46,0,0
Trapper's Flap,8,-0.9743322354902126,-0.7349176952228333,0.0,0,8,0,0
Trash Man,42,-0.12261928635212423,-0.05537051128391113,0.0,0,41,1,0
Trencher's Topper,46,-0.1565755013528446,-0.06543787697189885,0.0,0,45,1,0
Triboniophorus Gentlemannus,49,-0.12055156770254628,-0.08808944976986055,0.0,0,49,0,0
Triboniophorus Tyrannus,58,-0.4758240586645218,-0.10444891901283881,0.0,0,58,0,0
Trophy Belt,31,-0.43297227307629804,-0.26426834930960297,0.0,0,31,0,0
Tropical Brim,21,-0.11463613429234444,-0.08808944976986055,0.0,0,21,0,0
Troublemaker's Tossle Cap,60,-1.0776865181848756,-0.3390549002804022,0.0,0,59,1,0
Trucker's Topper,105,-0.12590199589556547,-0.0943815533248511,0.0,0,105,0,0
Tsarboosh,45,-0.11658981882689755,-0.04970761808442248,0.0,0,44,1,0
Tundra Top,152,-0.4430054856894268,-0.2919536049515443,0.0,0,152,0,0
Tungsten Toque,51,-0.11215045376414567,-0.05851656306140818,0.0,0,50,1,0
Twisted Topper,102,-0.14595212755987105,-0.09941523616884851,0.0,0,102,0,0
Tyrant's Helm,64,-1.5236278821078848,-0.3775262132994044,0.0,0,63,1,0
Tyrantium Helmet,57,-0.49827842205917783,-0.10319049830183502,0.0,0,56,1,0
Undercover Brolly,87,-0.06455553601361226,-0.04278630417393714,0.0,0,87,0,0
Universal Translator,108,-0.26499660203585895,-0.1510104853197589,0.0,0,108,0,0
Valhalla Helm,15,-0.1307079645156603,-0.0931231326138473,0.0,0,15,0,0
Valley Forge,55,-0.3390977734394855,-0.08053892550387332,0.0,0,54,1,0
Vampire Vanquisher,79,-0.12872998529555474,-0.08305576692587024,0.0,0,78,1,0
Vaudeville Visor,44,-0.14446097752843362,-0.11892075718931494,0.0,0,44,0,0
Victorian Villainy,25,-0.3064506115422375,-0.27685255641956985,0.0,0,25,0,0
Villain's Veil,46,-2.716574674409052,-1.5189137981745944,0.0,0,46,0,0
Vintage Merryweather,60,-0.5720613153108842,-0.135909436787788,0.0,0,60,0,0
Vintage Tyrolean,62,-0.564138608605145,-0.18372942380571544,0.0,0,62,0,0
Virtual Reality Headset,63,-0.2704768666371839,-0.09941523616884851,0.0,0,62,1,0
Virtual Viewfinder,42,-7.76982709477064,-3.523577990794365,0.0,0,41,1,0
Virus Doctor,56,-0.35212184519613443,-0.19568442056019109,0.0,0,56,0,0
Viscera Visor,12,-0.03869643686319021,-0.03146051777494918,0.0,0,12,0,0
Vive la France,48,-0.5950232595168825,-0.15226890603075915,0.0,0,48,0,0
Voodoo JuJu (Slight Return),63,-0.32291684357456396,-0.11577470541181611,0.0,0,62,1,0
Voodoo Vizier,42,-0.13531018883016893,-0.09438155332485465,0.0,0,42,0,0
Wanderer's Wool,50,-0.13754538371208405,-0.07990971514837675,0.0,0,50,0,0
Wandering Wraith,49,-1.2821766121750147,-0.8808944976985913,0.0,0,49,0,0
War Eagle,12,-0.953253688580979,-0.47819987017925314,0.0,0,12,0,0
War Pig,53,-1.813989254505366,-0.3555038508569339,0.0,0,52,1,0
Warhood,152,-0.32941282057544025,-0.11514549505632132,0.0,0,152,0,0
Wavefinder,18,-0.17813644286794547,-0.16233627171874332,0.0,0,18,0,0
Waxy Wayfinder,60,-0.20047281801136402,-0.11325786398982274,0.0,0,59,1,0
Well-Rounded Rifleman,51,-1.504064433784821,-0.28251544961906916,0.0,0,50,1,0
Western Wear,58,-0.34107616779313804,-0.09060629119186103,0.0,0,57,1,0
Wet Works,51,-0.5372469439325449,-0.13842627820978493,0.0,0,51,0,0
Whirly Warrior,51,-1.5390233611363693,-0.3706048993889084,0.0,0,50,1,0
White Russian,54,-0.653049117646977,-0.3775262132994044,0.0,0,53,1,0
Whoopee Cap,64,-0.6610948973759964,-0.12080838825580997,0.0,0,63,1,0
Wide-Brimmed Bandito,54,-0.22810040591201167,-0.1057073397238355,0.0,0,54,0,0
Wild Brim Slouch,42,-0.057333048345113206,-0.03775262132993795,0.0,0,42,0,0
Wing Mann,77,-0.1657519850771701,-0.09060629119186103,0.0,0,77,0,0
Winter Woodsman,40,-0.22415618914652513,-0.10130286723534354,0.0,0,40,0,0
Winter Wrap Up,50,-0.23872240887632792,-0.15352732674176295,0.0,0,50,0,0
Witch Doctor,39,-0.07753807611610994,-0.05033682843992082,0.0,0,39,0,0
Woolen Warmer,103,-0.4166227790779831,-0.25168414219960766,0.0,0,103,0,0
Wraith Wrap,60,-0.652052981006422,-0.2604930871765845,0.0,0,59,1,0
Wrap-a-Khamon,16,-0.2781896284250045,-0.20763941731467384,0.0,0,16,0,0
Ye Oiled Baker Boy,56,-0.21091131116326697,-0.0704715598158927,0.0,0,55,1,0
Ye Olde Baker Boy,61,-0.43929197737691417,-0.18121258238372207,0.0,0,61,0,0
Your Worst Nightmare,61,-0.7849553908708147,-0.17366205811772772,0.0,0,61,0,0
Yule Hog,62,-0.08841420350173347,-0.06229182519440357,0.0,0,62,0,0
Ze Goggles,60,-0.3175567674339348,-0.1661115338517405,0.0,0,59,1,0
