effect_id,effect_name,item_name,bp_price_ref,bp_price_keys,bp_price_all,exist,slot,summary,defindex,scrape_timestamp
99,Nebula,Captain Space Mann,706667,10000–14700 keys,"706,667.00 ref, $21553.34",30,misc,Level 1-100 Helmet,30646,2026-07-22T19:06:53
99,Nebula,Corona Australis,177382,3100 keys,"177,382.00 ref, $5410.15",4,misc,Level 1-100 Cosmetic Augmentation,30648,2026-07-22T19:06:53
99,Nebula,Universal Translator,29754.4,480–560 keys,"29,754.40 ref, $907.51",538,misc,Level 1-100 Hat,30658,2026-07-22T19:06:53
99,Nebula,Phononaut,21772.21,361–400 keys,"21,772.21 ref, $664.05",100,misc,Level 1-100 Hat,30647,2026-07-22T19:06:53
99,Nebula,A Head Full of Hot Air,6608.91,109–122 keys,"6,608.91 ref, $201.57",502,misc,Level 1-100 Hat,30662,2026-07-22T19:06:53
74,Spellbound,Antlers,938408,16400 keys,"938,408.00 ref, $28621.44",2,misc,Level 1-100 Cosmetic Item,993,2026-07-22T19:06:53
74,Spellbound,Virtual Viewfinder,791066.5,12000–15650 keys,"791,066.50 ref, $24127.53",1,misc,Level 1-100 Headset,30140,2026-07-22T19:06:53
74,Spellbound,Hong Kong Cone,786775,13750 keys,"786,775.00 ref, $23996.64",1,misc,Level 1-100 Hat,30177,2026-07-22T19:06:53
74,Spellbound,Soldered Sensei,746721,13050 keys,"746,721.00 ref, $22774.99",6,misc,Level 1-100 Hat,30004,2026-07-22T19:06:53
74,Spellbound,Patriot Peak,660891,11550 keys,"660,891.00 ref, $20157.18",0,misc,Level 1-100 Hat,30743,2026-07-22T19:06:53
74,Spellbound,Crone's Dome,492092,8600 keys,"492,092.00 ref, $15008.81",2,misc,Level 1-100 Hat,920,2026-07-22T19:06:53
74,Spellbound,War Pig,443455,7750 keys,"443,455.00 ref, $13525.38",5,misc,Level 1-100 Headgear,829,2026-07-22T19:06:53
74,Spellbound,Chieftain's Challenge,329015,5750 keys,"329,015.00 ref, $10034.96",1,misc,Level 1-100 Hat,250,2026-07-22T19:06:53
74,Spellbound,Pencil Pusher,314710,5500 keys,"314,710.00 ref, $9598.66",2,misc,Level 10 Hair,605,2026-07-22T19:06:53
74,Spellbound,Salty Dog,311849,5450 keys,"311,849.00 ref, $9511.39",2,misc,Level 10 Hat,611,2026-07-22T19:06:53
74,Spellbound,Polar Pullover,293424.16,5128 keys,"293,424.16 ref, $8949.44",0,misc,Level 1-100 Hat,30329,2026-07-22T19:06:53
74,Spellbound,Minnesota Slick,287244.4,5020 keys,"287,244.40 ref, $8760.95",0,misc,Level 1-100 Hair,30315,2026-07-22T19:06:53
74,Spellbound,Das Übersternmann,283239,4950 keys,"283,239.00 ref, $8638.79",1,misc,Level 1-100 Hat,30097,2026-07-22T19:06:53
74,Spellbound,Prehistoric Pullover,247476.5,4325 keys,"247,476.50 ref, $7548.03",1,misc,Level 1-100 Hood,30704,2026-07-22T19:06:53
74,Spellbound,Chill Chullo,244329.4,4270 keys,"244,329.40 ref, $7452.05",0,misc,Level 1-100 Hat,30748,2026-07-22T19:06:53
74,Spellbound,Outta Sight,237463,4150 keys,"237,463.00 ref, $7242.62",1,misc,Level 1-100 Hat,30628,2026-07-22T19:06:53
74,Spellbound,Burning Bandana,226019,3950 keys,"226,019.00 ref, $6893.58",2,misc,Level 1-100 Bandana,30091,2026-07-22T19:06:53
74,Spellbound,Familiar Fez,220297,3850 keys,"220,297.00 ref, $6719.06",1,misc,Level 1-100 Hat,223,2026-07-22T19:06:53
74,Spellbound,Backwards Ballcap,210283.5,3675 keys,"210,283.50 ref, $6413.65",5,misc,Level 10 Hat,617,2026-07-22T19:06:53
74,Spellbound,Tough Stuff Muffs,204561.5,3100–4050 keys,"204,561.50 ref, $6239.13",4,misc,Level 1-100 Hat,984,2026-07-22T19:06:53
74,Spellbound,Killer Exclusive,188826,3300 keys,"188,826.00 ref, $5759.19",1,misc,Level 10 Hat,538,2026-07-22T19:06:53
74,Spellbound,Cosa Nostra Cap,183104,3200 keys,"183,104.00 ref, $5584.67",1,misc,Level 1-100 Hat,459,2026-07-22T19:06:53
74,Spellbound,Honcho's Headgear,180243,3150 keys,"180,243.00 ref, $5497.41",2,misc,Level 1-100 Hat,391,2026-07-22T19:06:53
74,Spellbound,Shooter's Sola Topi,143050,2500 keys,"143,050.00 ref, $4363.02",2,misc,Level 1-100 Helmet,158,2026-07-22T19:06:53
74,Spellbound,Your Worst Nightmare,128745,1800–2700 keys,"128,745.00 ref, $3926.72",2,misc,Level 10 Hair,600,2026-07-22T19:06:53
74,Spellbound,Head Warmer,125884,2200 keys,"125,884.00 ref, $3839.46",2,misc,Level 1-100 Hat,644,2026-07-22T19:06:53
74,Spellbound,Glengarry Bonnet,123023,2150 keys,"123,023.00 ref, $3752.20",2,misc,Level 1-100 Hat,100,2026-07-22T19:06:53
74,Spellbound,Hustler's Hallmark,117301,2050 keys,"117,301.00 ref, $3577.68",1,misc,Level 1-100 Hat,146,2026-07-22T19:06:53
74,Spellbound,A Rather Festive Tree,114440,2000 keys,"114,440.00 ref, $3490.42",2,misc,Level 1-100 Hat,341,2026-07-22T19:06:53
74,Spellbound,Galvanized Gibus,114440,2000 keys,"114,440.00 ref, $3490.42",3,misc,Level 1-100 Hat,30003,2026-07-22T19:06:53
74,Spellbound,Horrific Headsplitter,114440,2000 keys,"114,440.00 ref, $3490.42",3,misc,Level 31 Hat,291,2026-07-22T19:06:53
74,Spellbound,Sergeant's Drill Hat,114440,1800–2200 keys,"114,440.00 ref, $3490.42",4,misc,Level 1-100 Hat,183,2026-07-22T19:06:53
74,Spellbound,Swagman's Swatter,114440,2000 keys,"114,440.00 ref, $3490.42",2,misc,Level 10 Hat,626,2026-07-22T19:06:53
74,Spellbound,Greased Lightning,108718,1900 keys,"108,718.00 ref, $3315.90",2,misc,Level 1-100 Hair,30078,2026-07-22T19:06:53
74,Spellbound,Milkman,108718,1900 keys,"108,718.00 ref, $3315.90",2,misc,Level 1-100 Hat,219,2026-07-22T19:06:53
74,Spellbound,Towering Pillar of Hats,108718,1900 keys,"108,718.00 ref, $3315.90",3,misc,Level 1-100 Hat,135,2026-07-22T19:06:53
74,Spellbound,Wet Works,108718,1900 keys,"108,718.00 ref, $3315.90",2,misc,Level 1-100 Hat,30135,2026-07-22T19:06:53
74,Spellbound,Reggaelator,102996,1800 keys,"102,996.00 ref, $3141.38",1,misc,Level 1-100 Hat,390,2026-07-22T19:06:53
74,Spellbound,Nuke,100135,1750 keys,"100,135.00 ref, $3054.12",0,misc,Level 1-100 Hair,30885,2026-07-22T19:06:53
74,Spellbound,Platinum Pickelhaube,100135,1750 keys,"100,135.00 ref, $3054.12",2,misc,Level 1-100 Helmet,30042,2026-07-22T19:06:53
74,Spellbound,Détective Noir,98704.5,1725 keys,"98,704.50 ref, $3010.49",2,misc,Level 1-100 Hat,319,2026-07-22T19:06:53
74,Spellbound,Stout Shako,95843.5,1400–1950 keys,"95,843.50 ref, $2923.23",2,misc,Level 1-100 Hat,251,2026-07-22T19:06:53
74,Spellbound,Front Runner,94413,1650 keys,"94,413.00 ref, $2879.60",2,misc,Level 1-100 Hat,760,2026-07-22T19:06:53
74,Spellbound,Full Metal Drill Hat,94413,1650 keys,"94,413.00 ref, $2879.60",3,misc,Level 1-100 Hat,30026,2026-07-22T19:06:53
74,Spellbound,Shellmet,94413,1650 keys,"94,413.00 ref, $2879.60",0,misc,Level 1-100 Helmet,30897,2026-07-22T19:06:53
74,Spellbound,Modest Metal Pile of Scrap,88691,1300–1800 keys,"88,691.00 ref, $2705.08",1,misc,Level 1-100 Hat,30001,2026-07-22T19:06:53
74,Spellbound,Das Naggenvatcher,86974.4,1520 keys,"86,974.40 ref, $2652.72",2,misc,Level 1-100 Hat,30109,2026-07-22T19:06:53
74,Spellbound,Baron von Havenaplane,85830,1500 keys,"85,830.00 ref, $2617.82",3,misc,Level 1-100 Hat,30136,2026-07-22T19:06:53
74,Spellbound,Doctor's Sack,85830,1500 keys,"85,830.00 ref, $2617.82",2,misc,Level 1-100 Hat,398,2026-07-22T19:06:53
74,Spellbound,Modest Pile of Hat,85830,1500 keys,"85,830.00 ref, $2617.82",1,misc,Level 1-100 Hat,139,2026-07-22T19:06:53
74,Spellbound,Triboniophorus Tyrannus,85830,1500 keys,"85,830.00 ref, $2617.82",1,misc,Level 1-100 Mascot,151,2026-07-22T19:06:53
74,Spellbound,Cotton Head,82969,1450 keys,"82,969.00 ref, $2530.55",2,misc,Level 1-100 Hat,30175,2026-07-22T19:06:53
74,Spellbound,Prince Tavish's Crown,80108,1400 keys,"80,108.00 ref, $2443.29",2,misc,Level 1-100 Hat,342,2026-07-22T19:06:53
74,Spellbound,Brown Bomber,77247,1300–1400 keys,"77,247.00 ref, $2356.03",1,misc,Level 1-100 Hat,671,2026-07-22T19:06:53
74,Spellbound,Harmburg,77247,1350 keys,"77,247.00 ref, $2356.03",3,misc,Level 1-100 Hat,30123,2026-07-22T19:06:53
74,Spellbound,Whoopee Cap,77247,1350 keys,"77,247.00 ref, $2356.03",2,misc,Level 1-100 Hat,174,2026-07-22T19:06:53
74,Spellbound,Ol' Geezer,74386,1300 keys,"74,386.00 ref, $2268.77",2,misc,Level 1-100 Hat,399,2026-07-22T19:06:53
74,Spellbound,Strontium Stove Pipe,74386,1300 keys,"74,386.00 ref, $2268.77",2,misc,Level 1-100 Hat,30037,2026-07-22T19:06:53
74,Spellbound,Ye Oiled Baker Boy,74386,1300 keys,"74,386.00 ref, $2268.77",3,misc,Level 1-100 Hat,30019,2026-07-22T19:06:53
74,Spellbound,Das Maddendoktor,71525,1250 keys,"71,525.00 ref, $2181.51",2,misc,Level 1-100 Hair,30121,2026-07-22T19:06:53
74,Spellbound,Tartan Spartan,70952.8,1240 keys,"70,952.80 ref, $2164.06",2,misc,Level 1-100 Helmet,30106,2026-07-22T19:06:53
74,Spellbound,Data Mining Light,68664,1200 keys,"68,664.00 ref, $2094.25",1,misc,Level 1-100 Helmet,30051,2026-07-22T19:06:53
74,Spellbound,FR-0,68664,1200 keys,"68,664.00 ref, $2094.25",1,misc,Level 1-100 Hat,30016,2026-07-22T19:06:53
74,Spellbound,Jumper's Jeepcap,68664,1200 keys,"68,664.00 ref, $2094.25",1,misc,Level 1-100 Hat,417,2026-07-22T19:06:53
74,Spellbound,Madame Dixie,68664,1200 keys,"68,664.00 ref, $2094.25",2,misc,Level 1-100 Hat,321,2026-07-22T19:06:53
74,Spellbound,Barnstormer,65803,1150 keys,"65,803.00 ref, $2006.99",2,misc,Level 1-100 Hat,988,2026-07-22T19:06:53
74,Spellbound,Dragonborn Helmet,62942,1100 keys,"62,942.00 ref, $1919.73",3,misc,Level 10 Helmet,517,2026-07-22T19:06:53
74,Spellbound,L'homme Burglerre,62942,1100 keys,"62,942.00 ref, $1919.73",3,misc,Level 1-100 Hat,30182,2026-07-22T19:06:53
74,Spellbound,Prancer's Pride,62942,1100 keys,"62,942.00 ref, $1919.73",2,misc,Level 1-100 Hat,318,2026-07-22T19:06:53
74,Spellbound,Respectless Rubber Glove,62942,1100 keys,"62,942.00 ref, $1919.73",4,misc,Level 1-100 Hat,102,2026-07-22T19:06:53
74,Spellbound,Tartan Tyrolean,62942,1100 keys,"62,942.00 ref, $1919.73",1,misc,Level 1-100 Hat,30334,2026-07-22T19:06:53
74,Spellbound,Cold Killer,58364.4,1020 keys,"58,364.40 ref, $1780.11",4,misc,Level 1-100 Hat,981,2026-07-22T19:06:53
74,Spellbound,Law,57849.42,1011 keys,"57,849.42 ref, $1764.41",2,misc,Level 1-100 Hat,30362,2026-07-22T19:06:53
74,Spellbound,Blast Defense,57220,1000 keys,"57,220.00 ref, $1745.21",0,misc,Level 1-100 Headgear,30863,2026-07-22T19:06:53
74,Spellbound,Bone Dome,57220,1000 keys,"57,220.00 ref, $1745.21",4,misc,Level 1-100 Helmet,30162,2026-07-22T19:06:53
74,Spellbound,Hermes,57220,1000 keys,"57,220.00 ref, $1745.21",2,misc,Level 10 Hat,633,2026-07-22T19:06:53
74,Spellbound,Scotch Bonnet,57220,1000 keys,"57,220.00 ref, $1745.21",1,misc,Level 1-100 Headgear,306,2026-07-22T19:06:53
74,Spellbound,Gentleman's Gatsby,54359,950 keys,"54,359.00 ref, $1657.95",1,misc,Level 1-100 Hat,184,2026-07-22T19:06:53
74,Spellbound,Tavish DeGroot Experience,53786.8,940 keys,"53,786.80 ref, $1640.50",5,misc,Level 10 Hat,604,2026-07-22T19:06:53
74,Spellbound,Executioner,53214.6,860–1000 keys,"53,214.60 ref, $1623.05",2,misc,Level 1-100 Hat,921,2026-07-22T19:06:53
74,Spellbound,Letch's LED,52642.4,920 keys,"52,642.40 ref, $1605.59",4,misc,Level 1-100 Hat,30002,2026-07-22T19:06:53
74,Spellbound,Blighted Beak,51498,900 keys,"51,498.00 ref, $1570.69",1,misc,Level 1-100 Mask,315,2026-07-22T19:06:53
74,Spellbound,Halogen Head Lamp,51498,900 keys,"51,498.00 ref, $1570.69",1,misc,Level 1-100 Hat,30041,2026-07-22T19:06:53
74,Spellbound,Belgian Detective,48637,850 keys,"48,637.00 ref, $1483.43",1,misc,Level 1-100 Hat,30128,2026-07-22T19:06:53
74,Spellbound,Bonk Leadwear,48637,850 keys,"48,637.00 ref, $1483.43",2,misc,Level 1-100 Helmet,30030,2026-07-22T19:06:53
74,Spellbound,L'Inspecteur,48637,850 keys,"48,637.00 ref, $1483.43",1,misc,Level 10 Hat,622,2026-07-22T19:06:53
74,Spellbound,Tippler's Tricorne,48637,850 keys,"48,637.00 ref, $1483.43",3,misc,Level 1-100 Hat,179,2026-07-22T19:06:53
74,Spellbound,Medic's Mountain Cap,47492.6,830 keys,"47,492.60 ref, $1448.52",1,misc,Level 1-100 Hat,381,2026-07-22T19:06:53
74,Spellbound,Katyusha,46920.4,820 keys,"46,920.40 ref, $1431.07",2,misc,Level 1-100 Hat,30094,2026-07-22T19:06:53
74,Spellbound,One-Man Army,46348.2,810 keys,"46,348.20 ref, $1413.62",2,misc,Level 10 Hair,601,2026-07-22T19:06:53
74,Spellbound,Birdcage,45776,800 keys,"45,776.00 ref, $1396.17",2,misc,Level 10 Hat,615,2026-07-22T19:06:53
74,Spellbound,Hard Counter,45776,800 keys,"45,776.00 ref, $1396.17",2,misc,Level 1-100 Hat,254,2026-07-22T19:06:53
74,Spellbound,Pampered Pyro,45776,800 keys,"45,776.00 ref, $1396.17",3,misc,Level 1-100 Towel,30139,2026-07-22T19:06:53
74,Spellbound,Stately Steel Toe,45203.8,790 keys,"45,203.80 ref, $1378.72",1,misc,Level 1-100 Hat,481,2026-07-22T19:06:53
74,Spellbound,Hound Dog,43658.86,763 keys,"43,658.86 ref, $1331.60",3,misc,Level 1-100 Hair,145,2026-07-22T19:06:53
74,Spellbound,Conquistador,43487.2,760 keys,"43,487.20 ref, $1326.36",4,misc,Level 1-100 Helmet,721,2026-07-22T19:06:53
74,Spellbound,Hottie's Hoodie,43487.2,760 keys,"43,487.20 ref, $1326.36",2,misc,Level 1-100 Hood,377,2026-07-22T19:06:53
74,Spellbound,Gridiron Guardian,42915,750 keys,"42,915.00 ref, $1308.91",2,misc,Level 1-100 Helmet,30013,2026-07-22T19:06:53
74,Spellbound,Nanobalaclava,42628.9,640–850 keys,"42,628.90 ref, $1300.18",4,misc,Level 10 Hat,521,2026-07-22T19:06:53
74,Spellbound,Fruit Shoot,40054,700 keys,"40,054.00 ref, $1221.65",1,misc,Level 1-100 Hat,759,2026-07-22T19:06:53
74,Spellbound,Wraith Wrap,39767.9,695 keys,"39,767.90 ref, $1212.92",1,misc,Level 1-100 Apparel,937,2026-07-22T19:06:53
74,Spellbound,Pirate Bandana,38623.5,675 keys,"38,623.50 ref, $1178.02",2,misc,Level 1-100 Hat,30180,2026-07-22T19:06:53
74,Spellbound,Magnificent Mongolian,37765.2,660 keys,"37,765.20 ref, $1151.84",3,misc,Level 1-100 Hat,313,2026-07-22T19:06:53
74,Spellbound,Slick Cut,37193,650 keys,"37,193.00 ref, $1134.39",4,misc,Level 1-100 Hair,30187,2026-07-22T19:06:53
74,Spellbound,Copper's Hard Top,37135.78,649 keys,"37,135.78 ref, $1132.64",1,misc,Level 1-100 Helmet,478,2026-07-22T19:06:53
74,Spellbound,Carouser's Capotain,34332,600 keys,"34,332.00 ref, $1047.13",2,misc,Level 1-100 Hat,259,2026-07-22T19:06:53
74,Spellbound,Dr's Dapper Topper,34332,600 keys,"34,332.00 ref, $1047.13",1,misc,Level 1-100 Hat,252,2026-07-22T19:06:53
74,Spellbound,Flamboyant Flamenco,34332,600 keys,"34,332.00 ref, $1047.13",2,misc,Level 10 Hat,627,2026-07-22T19:06:53
74,Spellbound,Shooter's Tin Topi,34045.9,595 keys,"34,045.90 ref, $1038.40",3,misc,Level 1-100 Hat,30005,2026-07-22T19:06:53
74,Spellbound,Furious Fukaamigasa,31471,550 keys,"31,471.00 ref, $959.87",2,misc,Level 1-100 Hat,395,2026-07-22T19:06:53
74,Spellbound,Janissary Ketche,31471,550 keys,"31,471.00 ref, $959.87",1,misc,Level 1-100 Hat,437,2026-07-22T19:06:53
74,Spellbound,Anger,31184.9,545 keys,"31,184.90 ref, $951.14",0,misc,Level 10 Hood,518,2026-07-22T19:06:53
74,Spellbound,Hot Dogger,30898.8,540 keys,"30,898.80 ref, $942.41",2,misc,Level 10 Hat,614,2026-07-22T19:06:53
74,Spellbound,Pugilist's Protector,30612.7,535 keys,"30,612.70 ref, $933.69",1,misc,Level 1-100 Headgear,246,2026-07-22T19:06:53
74,Spellbound,Das Gutenkutteharen,28610,500 keys,"28,610.00 ref, $872.61",1,misc,Level 1-100 Hair,30127,2026-07-22T19:06:53
74,Spellbound,Feathered Fiend,28610,500 keys,"28,610.00 ref, $872.61",1,misc,Level 1-100 Headgear,30903,2026-07-22T19:06:53
74,Spellbound,Brim-Full of Bullets,27465.6,480 keys,"27,465.60 ref, $837.70",3,misc,Level 1-100 Hat,30173,2026-07-22T19:06:53
74,Spellbound,Bot Dogger,26321.2,460 keys,"26,321.20 ref, $802.80",3,misc,Level 1-100 Hat,30018,2026-07-22T19:06:53
74,Spellbound,Bombing Run,25176.8,440 keys,"25,176.80 ref, $767.89",3,misc,Level 1-100 Helmet,249,2026-07-22T19:06:53
74,Spellbound,Electric Escorter,24604.6,430 keys,"24,604.60 ref, $750.44",3,misc,Level 1-100 Hat,30025,2026-07-22T19:06:53
74,Spellbound,Kiss King,24604.6,430 keys,"24,604.60 ref, $750.44",1,misc,Level 1-100 Hat,30313,2026-07-22T19:06:53
74,Spellbound,Bunsen Brave,22888,400 keys,"22,888.00 ref, $698.08",2,misc,Level 1-100 Hat,30054,2026-07-22T19:06:53
74,Spellbound,Master's Yellow Belt,22888,400 keys,"22,888.00 ref, $698.08",3,misc,Level 1-100 Hat,110,2026-07-22T19:06:53
74,Spellbound,Powdered Practitioner,22029.7,385 keys,"22,029.70 ref, $671.91",1,misc,Level 1-100 Hat,30069,2026-07-22T19:06:53
74,Spellbound,Berliner's Bucket Helm,20027,350 keys,"20,027.00 ref, $610.82",1,misc,Level 1-100 Helmet,303,2026-07-22T19:06:53
74,Spellbound,Bootleg Base Metal Billycock,18882.6,330 keys,"18,882.60 ref, $575.92",2,misc,Level 1-100 Hat,30047,2026-07-22T19:06:53
74,Spellbound,Ol' Snaggletooth,17537.93,267–346 keys,"17,537.93 ref, $534.91",1,misc,Level 1-100 Hat,229,2026-07-22T19:06:53
74,Spellbound,Berlin Brain Bowl,17166,300 keys,"17,166.00 ref, $523.56",0,misc,Level 1-100 Headgear,30755,2026-07-22T19:06:53
74,Spellbound,Charmer's Chapeau,17166,300 keys,"17,166.00 ref, $523.56",3,misc,Level 1-100 Hat,397,2026-07-22T19:06:53
74,Spellbound,Field Practice,17166,300 keys,"17,166.00 ref, $523.56",0,misc,Level 1-100 Headgear,30862,2026-07-22T19:06:53
74,Spellbound,Gentleman's Ushanka,17166,300 keys,"17,166.00 ref, $523.56",2,misc,Level 1-100 Hat,778,2026-07-22T19:06:53
74,Spellbound,Defiant Spartan,16593.8,290 keys,"16,593.80 ref, $506.11",0,misc,Level 1-100 Helmet,340,2026-07-22T19:06:53
74,Spellbound,El Jefe,16450.75,275–300 keys,"16,450.75 ref, $501.75",2,misc,Level 10 Hat,539,2026-07-22T19:06:53
74,Spellbound,Bear Necessities,16021.6,280 keys,"16,021.60 ref, $488.66",1,misc,Level 1-100 Spirit Animal,30122,2026-07-22T19:06:53
74,Spellbound,Rotation Sensation,16021.6,280 keys,"16,021.60 ref, $488.66",0,misc,Level 1-100 Hat,30623,2026-07-22T19:06:53
74,Spellbound,Valley Forge,15964.38,279 keys,"15,964.38 ref, $486.91",2,misc,Level 1-100 Hat,30114,2026-07-22T19:06:53
74,Spellbound,Human Cannonball,15449.4,270 keys,"15,449.40 ref, $471.21",1,misc,Level 1-100 Helmet,817,2026-07-22T19:06:53
74,Spellbound,Black Watch,13732.8,240 keys,"13,732.80 ref, $418.85",0,misc,Level 1-100 Hat,30105,2026-07-22T19:06:53
74,Spellbound,Killer's Kabuto,13618.36,238 keys,"13,618.36 ref, $415.36",1,misc,Level 1-100 Helmet,152,2026-07-22T19:06:53
74,Spellbound,Hive Minder,13446.7,235 keys,"13,446.70 ref, $410.12",2,misc,Level 1-100 Hat,30093,2026-07-22T19:06:53
74,Spellbound,Conjurer's Cowl,13389.48,234 keys,"13,389.48 ref, $408.38",1,misc,Level 1-100 Hood,465,2026-07-22T19:06:53
74,Spellbound,Bolted Birdcage,13160.6,230 keys,"13,160.60 ref, $401.40",2,misc,Level 1-100 Hat,30057,2026-07-22T19:06:53
74,Spellbound,Texas Tin-Gallon,12588.4,220 keys,"12,588.40 ref, $383.95",3,misc,Level 1-100 Hat,30044,2026-07-22T19:06:53
74,Spellbound,Classy Capper,12302.3,215 keys,"12,302.30 ref, $375.22",0,misc,Level 1-100 Hat,30893,2026-07-22T19:06:53
74,Spellbound,Tyrantium Helmet,12302.3,200–230 keys,"12,302.30 ref, $375.22",2,misc,Level 1-100 Helmet,30014,2026-07-22T19:06:53
74,Spellbound,Smokey Sombrero,11444,200 keys,"11,444.00 ref, $349.04",1,misc,Level 1-100 Hat,30682,2026-07-22T19:06:53
74,Spellbound,Noble Nickel Amassment of Hats,10013.5,175 keys,"10,013.50 ref, $305.41",1,misc,Level 1-100 Hat,30006,2026-07-22T19:06:53
74,Spellbound,Tyrant's Helm,9612.96,168 keys,"9,612.96 ref, $293.20",1,misc,Level 1-100 Helmet,99,2026-07-22T19:06:53
74,Spellbound,Tungsten Toque,9441.3,165 keys,"9,441.30 ref, $287.96",1,misc,Level 1-100 Hat,30049,2026-07-22T19:06:53
74,Spellbound,Ye Olde Baker Boy,9441.3,160–170 keys,"9,441.30 ref, $287.96",1,misc,Level 1-100 Hat,107,2026-07-22T19:06:53
74,Spellbound,Frenchman's Beret,8583,150 keys,"8,583.00 ref, $261.78",2,misc,Level 1-100 Hat,180,2026-07-22T19:06:53
74,Spellbound,Geisha Boy,8583,150 keys,"8,583.00 ref, $261.78",2,misc,Level 1-100 Hair,363,2026-07-22T19:06:53
74,Spellbound,Voodoo JuJu (Slight Return),8010.8,140 keys,"8,010.80 ref, $244.33",1,misc,Level 1-100 Hat,935,2026-07-22T19:06:53
74,Spellbound,Soldier's Slope Scopers,7696.09,125–144 keys,"7,696.09 ref, $234.73",1,misc,Level 1-100 Hat,980,2026-07-22T19:06:53
74,Spellbound,Firewall Helmet,7438.6,130 keys,"7,438.60 ref, $226.88",2,misc,Level 1-100 Helmet,30038,2026-07-22T19:06:53
74,Spellbound,Lord Cockswain's Pith Helmet,7324.16,128 keys,"7,324.16 ref, $223.39",2,misc,Level 1-100 Headgear,439,2026-07-22T19:06:53
74,Spellbound,Pom-Pommed Provocateur,7209.72,108–144 keys,"7,209.72 ref, $219.90",1,misc,Level 1-100 Mask,30072,2026-07-22T19:06:53
74,Spellbound,Attendant,6980.84,122 keys,"6,980.84 ref, $212.92",1,misc,Level 1-100 Hat,213,2026-07-22T19:06:53
74,Spellbound,Cyborg Stunt Helmet,6923.62,121 keys,"6,923.62 ref, $211.17",1,misc,Level 1-100 Helmet,30024,2026-07-22T19:06:53
74,Spellbound,Engineer's Cap,6866.4,120 keys,"6,866.40 ref, $209.43",3,misc,Level 1-100 Hat,95,2026-07-22T19:06:53
74,Spellbound,Glasgow Great Helm,6866.4,120 keys,"6,866.40 ref, $209.43",2,misc,Level 1-100 Helmet,30082,2026-07-22T19:06:53
74,Spellbound,Private Eye,6866.4,120 keys,"6,866.40 ref, $209.43",1,misc,Level 1-100 Hat,388,2026-07-22T19:06:53
74,Spellbound,Respectless Robo-Glove,6694.74,117 keys,"6,694.74 ref, $204.19",1,misc,Level 1-100 Hat,30039,2026-07-22T19:06:53
74,Spellbound,Handyman's Handle,6380.03,100–123 keys,"6,380.03 ref, $194.59",2,misc,Level 1-100 Hat,253,2026-07-22T19:06:53
74,Spellbound,Bullet Buzz,5722,100 keys,"5,722.00 ref, $174.52",1,misc,Level 1-100 Hair,30344,2026-07-22T19:06:53
74,Spellbound,Buccaneer's Bicorne,5435.9,95 keys,"5,435.90 ref, $165.79",1,misc,Level 10 Hat,607,2026-07-22T19:06:53
74,Spellbound,Officer's Ushanka,5435.9,95 keys,"5,435.90 ref, $165.79",1,misc,Level 1-100 Hat,96,2026-07-22T19:06:53
74,Spellbound,Battle Boonie,4863.7,85 keys,"4,863.70 ref, $148.34",1,misc,Level 1-100 Hat,30907,2026-07-22T19:06:53
74,Spellbound,Stainless Pot,4577.6,80 keys,"4,577.60 ref, $139.62",1,misc,Level 1-100 Hat,98,2026-07-22T19:06:53
74,Spellbound,Otolaryngologist's Mirror,4520.38,79 keys,"4,520.38 ref, $137.87",2,misc,Level 1-100 Hat,104,2026-07-22T19:06:53
74,Spellbound,Pardner's Pompadour,4405.94,77 keys,"4,405.94 ref, $134.38",3,misc,Level 1-100 Hair,30099,2026-07-22T19:06:53
74,Spellbound,Liquidator's Lid,3719.3,63–67 keys,"3,719.30 ref, $113.44",1,misc,Level 1-100 Hat,779,2026-07-22T19:06:53
74,Spellbound,Virus Doctor,3719.3,65 keys,"3,719.30 ref, $113.44",1,misc,Level 1-100 Hat,30043,2026-07-22T19:06:53
74,Spellbound,Sober Stuntman,3547.64,58–66 keys,"3,547.64 ref, $108.20",2,misc,Level 1-100 Helmet,255,2026-07-22T19:06:53
74,Spellbound,Plumber's Pipe,3118.49,50–59 keys,"3,118.49 ref, $95.11",1,misc,Level 1-100 Hat,30022,2026-07-22T19:06:53
74,Spellbound,Timeless Topper,2546.29,43–46 keys,"2,546.29 ref, $77.66",1,misc,Level 1-100 Hat,30035,2026-07-22T19:06:53
74,Spellbound,Plug-In Prospector,2517.68,41–47 keys,"2,517.68 ref, $76.79",2,misc,Level 1-100 Hat,30031,2026-07-22T19:06:53
74,Spellbound,Cranial Carcharodon,0,,,1,misc,Level 1-100 Hat,30800,2026-07-22T19:06:53
76,Poisoned Shadows,Antlers,1018516,17800 keys,"1,018,516.00 ref, $31064.74",4,misc,Level 1-100 Cosmetic Item,993,2026-07-22T19:06:53
76,Poisoned Shadows,Whirly Warrior,489231,8550 keys,"489,231.00 ref, $14921.55",1,misc,Level 1-100 Helmet,30118,2026-07-22T19:06:53
76,Poisoned Shadows,Blighted Beak,444599.4,7770 keys,"444,599.40 ref, $13560.28",4,misc,Level 1-100 Mask,315,2026-07-22T19:06:53
76,Poisoned Shadows,Patriot Peak,434872,7600 keys,"434,872.00 ref, $13263.60",0,misc,Level 1-100 Hat,30743,2026-07-22T19:06:53
76,Poisoned Shadows,Hong Kong Cone,383374,6700 keys,"383,374.00 ref, $11692.91",3,misc,Level 1-100 Hat,30177,2026-07-22T19:06:53
76,Poisoned Shadows,Pyromancer's Mask,360486,6300 keys,"360,486.00 ref, $10994.82",3,misc,Level 1-100 Mask,316,2026-07-22T19:06:53
76,Poisoned Shadows,Brotherhood of Arms,297544,5200 keys,"297,544.00 ref, $9075.09",4,misc,Level 1-100 Hat,30066,2026-07-22T19:06:53
76,Poisoned Shadows,Hustler's Hallmark,281808.5,4925 keys,"281,808.50 ref, $8595.16",1,misc,Level 1-100 Hat,146,2026-07-22T19:06:53
76,Poisoned Shadows,Salty Dog,274656,4800 keys,"274,656.00 ref, $8377.01",3,misc,Level 10 Hat,611,2026-07-22T19:06:53
76,Poisoned Shadows,Cold Killer,228880,4000 keys,"228,880.00 ref, $6980.84",2,misc,Level 1-100 Hat,981,2026-07-22T19:06:53
76,Poisoned Shadows,Large Luchador,228880,4000 keys,"228,880.00 ref, $6980.84",2,misc,Level 1-100 Mask,380,2026-07-22T19:06:53
76,Poisoned Shadows,Tyrant's Helm,200270,3500 keys,"200,270.00 ref, $6108.23",1,misc,Level 1-100 Helmet,99,2026-07-22T19:06:53
76,Poisoned Shadows,Flipped Trilby,197409,3450 keys,"197,409.00 ref, $6020.97",2,misc,Level 1-100 Hat,324,2026-07-22T19:06:53
76,Poisoned Shadows,Blast Defense,188826,3300 keys,"188,826.00 ref, $5759.19",0,misc,Level 1-100 Headgear,30863,2026-07-22T19:06:53
76,Poisoned Shadows,A Rather Festive Tree,177095.9,3095 keys,"177,095.90 ref, $5401.42",1,misc,Level 1-100 Hat,341,2026-07-22T19:06:53
76,Poisoned Shadows,Spook Specs,148772,2600 keys,"148,772.00 ref, $4537.55",1,misc,Level 1-100 Hat,30390,2026-07-22T19:06:53
76,Poisoned Shadows,Armored Authority,114440,2000 keys,"114,440.00 ref, $3490.42",1,misc,Level 1-100 Helmet,445,2026-07-22T19:06:53
76,Poisoned Shadows,Pomade Prince,114440,2000 keys,"114,440.00 ref, $3490.42",1,misc,Level 1-100 Hair,30428,2026-07-22T19:06:53
76,Poisoned Shadows,Soldier's Slope Scopers,114440,2000 keys,"114,440.00 ref, $3490.42",3,misc,Level 1-100 Hat,980,2026-07-22T19:06:53
76,Poisoned Shadows,Feathered Fiend,105857,1850 keys,"105,857.00 ref, $3228.64",1,misc,Level 1-100 Headgear,30903,2026-07-22T19:06:53
76,Poisoned Shadows,Hat of Cards,94413,1650 keys,"94,413.00 ref, $2879.60",2,misc,Level 1-100 Hat,825,2026-07-22T19:06:53
76,Poisoned Shadows,Officer's Ushanka,92982.5,1625 keys,"92,982.50 ref, $2835.97",3,misc,Level 1-100 Hat,96,2026-07-22T19:06:53
76,Poisoned Shadows,Liquidator's Lid,91552,1600 keys,"91,552.00 ref, $2792.34",1,misc,Level 1-100 Hat,779,2026-07-22T19:06:53
76,Poisoned Shadows,Universal Translator,91552,1600 keys,"91,552.00 ref, $2792.34",0,misc,Level 1-100 Hat,30658,2026-07-22T19:06:53
76,Poisoned Shadows,Reggaelator,90693.7,1585 keys,"90,693.70 ref, $2766.16",2,misc,Level 1-100 Hat,390,2026-07-22T19:06:53
76,Poisoned Shadows,Vintage Merryweather,88691,1550 keys,"88,691.00 ref, $2705.08",1,misc,Level 1-100 Helmet,182,2026-07-22T19:06:53
76,Poisoned Shadows,Cosa Nostra Cap,85830,1500 keys,"85,830.00 ref, $2617.82",4,misc,Level 1-100 Hat,459,2026-07-22T19:06:53
76,Poisoned Shadows,Data Mining Light,85830,1500 keys,"85,830.00 ref, $2617.82",3,misc,Level 1-100 Helmet,30051,2026-07-22T19:06:53
76,Poisoned Shadows,Master's Yellow Belt,85830,1500 keys,"85,830.00 ref, $2617.82",2,misc,Level 1-100 Hat,110,2026-07-22T19:06:53
76,Poisoned Shadows,Triboniophorus Tyrannus,85830,1500 keys,"85,830.00 ref, $2617.82",2,misc,Level 1-100 Mascot,151,2026-07-22T19:06:53
76,Poisoned Shadows,Brim-Full of Bullets,82969,1450 keys,"82,969.00 ref, $2530.55",1,misc,Level 1-100 Hat,30173,2026-07-22T19:06:53
76,Poisoned Shadows,Anger,81252.4,990–1850 keys,"81,252.40 ref, $2478.20",4,misc,Level 10 Hood,518,2026-07-22T19:06:53
76,Poisoned Shadows,Medic's Mountain Cap,81252.4,1420 keys,"81,252.40 ref, $2478.20",2,misc,Level 1-100 Hat,381,2026-07-22T19:06:53
76,Poisoned Shadows,Gentleman's Gatsby,80108,1400 keys,"80,108.00 ref, $2443.29",4,misc,Level 1-100 Hat,184,2026-07-22T19:06:53
76,Poisoned Shadows,Scotch Bonnet,80108,1400 keys,"80,108.00 ref, $2443.29",1,misc,Level 1-100 Headgear,306,2026-07-22T19:06:53
76,Poisoned Shadows,Towering Pillar of Hats,80108,1400 keys,"80,108.00 ref, $2443.29",3,misc,Level 1-100 Hat,135,2026-07-22T19:06:53
76,Poisoned Shadows,Wet Works,78677.5,1375 keys,"78,677.50 ref, $2399.66",2,misc,Level 1-100 Hat,30135,2026-07-22T19:06:53
76,Poisoned Shadows,Executioner,77533.1,1355 keys,"77,533.10 ref, $2364.76",6,misc,Level 1-100 Hat,921,2026-07-22T19:06:53
76,Poisoned Shadows,Powdered Practitioner,77247,1350 keys,"77,247.00 ref, $2356.03",1,misc,Level 1-100 Hat,30069,2026-07-22T19:06:53
76,Poisoned Shadows,Backwards Ballcap,74386,1300 keys,"74,386.00 ref, $2268.77",2,misc,Level 10 Hat,617,2026-07-22T19:06:53
76,Poisoned Shadows,Killer Exclusive,74386,1300 keys,"74,386.00 ref, $2268.77",1,misc,Level 10 Hat,538,2026-07-22T19:06:53
76,Poisoned Shadows,Noble Amassment of Hats,74386,1300 keys,"74,386.00 ref, $2268.77",3,misc,Level 1-100 Hat,137,2026-07-22T19:06:53
76,Poisoned Shadows,Conjurer's Cowl,71525,1250 keys,"71,525.00 ref, $2181.51",4,misc,Level 1-100 Hood,465,2026-07-22T19:06:53
76,Poisoned Shadows,Virtual Reality Headset,68664,1200 keys,"68,664.00 ref, $2094.25",1,misc,Level 10 Headset,628,2026-07-22T19:06:53
76,Poisoned Shadows,Détective Noir,65803,1150 keys,"65,803.00 ref, $2006.99",1,misc,Level 1-100 Hat,319,2026-07-22T19:06:53
76,Poisoned Shadows,Shooter's Sola Topi,64372.5,1100–1150 keys,"64,372.50 ref, $1963.36",1,misc,Level 1-100 Helmet,158,2026-07-22T19:06:53
76,Poisoned Shadows,Prince Tavish's Crown,62942,1100 keys,"62,942.00 ref, $1919.73",3,misc,Level 1-100 Hat,342,2026-07-22T19:06:53
76,Poisoned Shadows,Stout Shako,62942,1100 keys,"62,942.00 ref, $1919.73",2,misc,Level 1-100 Hat,251,2026-07-22T19:06:53
76,Poisoned Shadows,Tyrantium Helmet,62942,1100 keys,"62,942.00 ref, $1919.73",1,misc,Level 1-100 Helmet,30014,2026-07-22T19:06:53
76,Poisoned Shadows,Brainiac Hairpiece,61854.82,1081 keys,"61,854.82 ref, $1886.57",1,misc,Level 1-100 Facial Hair,590,2026-07-22T19:06:53
76,Poisoned Shadows,Desert Marauder,60081,1050 keys,"60,081.00 ref, $1832.47",2,misc,Level 1-100 Hat,400,2026-07-22T19:06:53
76,Poisoned Shadows,Mask of the Shaman,60081,1050 keys,"60,081.00 ref, $1832.47",1,misc,Level 10 Mask,514,2026-07-22T19:06:53
76,Poisoned Shadows,L'Inspecteur,57220,1000 keys,"57,220.00 ref, $1745.21",3,misc,Level 10 Hat,622,2026-07-22T19:06:53
76,Poisoned Shadows,Shooter's Tin Topi,57220,1000 keys,"57,220.00 ref, $1745.21",2,misc,Level 1-100 Hat,30005,2026-07-22T19:06:53
76,Poisoned Shadows,Bot Dogger,55503.4,970 keys,"55,503.40 ref, $1692.85",3,misc,Level 1-100 Hat,30018,2026-07-22T19:06:53
76,Poisoned Shadows,Outta Sight,55360.35,835–1100 keys,"55,360.35 ref, $1688.49",1,misc,Level 1-100 Hat,30628,2026-07-22T19:06:53
76,Poisoned Shadows,Modest Pile of Hat,53786.8,940 keys,"53,786.80 ref, $1640.50",1,misc,Level 1-100 Hat,139,2026-07-22T19:06:53
76,Poisoned Shadows,Safe'n'Sound,52928.5,925 keys,"52,928.50 ref, $1614.32",2,misc,Level 1-100 Hat,178,2026-07-22T19:06:53
76,Poisoned Shadows,One-Man Army,49323.64,862 keys,"49,323.64 ref, $1504.37",0,misc,Level 10 Hair,601,2026-07-22T19:06:53
76,Poisoned Shadows,Old Guadalajara,48637,850 keys,"48,637.00 ref, $1483.43",3,misc,Level 1-100 Hat,247,2026-07-22T19:06:53
76,Poisoned Shadows,Swagman's Swatter,47206.5,825 keys,"47,206.50 ref, $1439.80",4,misc,Level 10 Hat,626,2026-07-22T19:06:53
76,Poisoned Shadows,Tough Guy's Toque,47206.5,825 keys,"47,206.50 ref, $1439.80",2,misc,Level 1-100 Hat,97,2026-07-22T19:06:53
76,Poisoned Shadows,Carouser's Capotain,45776,800 keys,"45,776.00 ref, $1396.17",2,misc,Level 1-100 Hat,259,2026-07-22T19:06:53
76,Poisoned Shadows,Das Gutenkutteharen,45776,800 keys,"45,776.00 ref, $1396.17",4,misc,Level 1-100 Hair,30127,2026-07-22T19:06:53
76,Poisoned Shadows,Das Übersternmann,45776,800 keys,"45,776.00 ref, $1396.17",3,misc,Level 1-100 Hat,30097,2026-07-22T19:06:53
76,Poisoned Shadows,Outdoorsman,45776,800 keys,"45,776.00 ref, $1396.17",3,misc,Level 10 Hat,603,2026-07-22T19:06:53
76,Poisoned Shadows,Teutonic Toque,45776,800 keys,"45,776.00 ref, $1396.17",1,misc,Level 1-100 Hat,30351,2026-07-22T19:06:53
76,Poisoned Shadows,Dr's Dapper Topper,43029.44,752 keys,"43,029.44 ref, $1312.40",4,misc,Level 1-100 Hat,252,2026-07-22T19:06:53
76,Poisoned Shadows,Brigade Helm,42915,750 keys,"42,915.00 ref, $1308.91",2,misc,Level 1-100 Helmet,105,2026-07-22T19:06:53
76,Poisoned Shadows,Ye Oiled Baker Boy,40054,700 keys,"40,054.00 ref, $1221.65",2,misc,Level 1-100 Hat,30019,2026-07-22T19:06:53
76,Poisoned Shadows,Base Metal Billycock,39596.24,692 keys,"39,596.24 ref, $1207.69",4,misc,Level 1-100 Hat,30007,2026-07-22T19:06:53
76,Poisoned Shadows,Steel Shako,39195.7,610–760 keys,"39,195.70 ref, $1195.47",2,misc,Level 1-100 Hat,30017,2026-07-22T19:06:53
76,Poisoned Shadows,Buckaroo's Hat,38909.6,680 keys,"38,909.60 ref, $1186.74",3,misc,Level 1-100 Hat,322,2026-07-22T19:06:53
76,Poisoned Shadows,Whoopee Cap,38909.6,680 keys,"38,909.60 ref, $1186.74",1,misc,Level 1-100 Hat,174,2026-07-22T19:06:53
76,Poisoned Shadows,Metal Slug,37650.76,658 keys,"37,650.76 ref, $1148.35",2,misc,Level 1-100 Hat,30028,2026-07-22T19:06:53
76,Poisoned Shadows,Little Buddy,37193,650 keys,"37,193.00 ref, $1134.39",2,misc,Level 10 Hat,612,2026-07-22T19:06:53
76,Poisoned Shadows,Valley Forge,35762.5,625 keys,"35,762.50 ref, $1090.76",1,misc,Level 1-100 Hat,30114,2026-07-22T19:06:53
76,Poisoned Shadows,Fat Man's Field Cap,35476.4,620 keys,"35,476.40 ref, $1082.03",2,misc,Level 1-100 Hat,30911,2026-07-22T19:06:53
76,Poisoned Shadows,Birdcage,34904.2,610 keys,"34,904.20 ref, $1064.58",2,misc,Level 10 Hat,615,2026-07-22T19:06:53
76,Poisoned Shadows,Black Watch,34332,600 keys,"34,332.00 ref, $1047.13",3,misc,Level 1-100 Hat,30105,2026-07-22T19:06:53
76,Poisoned Shadows,Sober Stuntman,34332,600 keys,"34,332.00 ref, $1047.13",3,misc,Level 1-100 Helmet,255,2026-07-22T19:06:53
76,Poisoned Shadows,Hat with No Name,34045.9,540–650 keys,"34,045.90 ref, $1038.40",1,misc,Level 10 Hat,631,2026-07-22T19:06:53
76,Poisoned Shadows,Tough Stuff Muffs,33759.8,580–600 keys,"33,759.80 ref, $1029.67",1,misc,Level 1-100 Hat,984,2026-07-22T19:06:53
76,Poisoned Shadows,Hottie's Hoodie,33473.7,500–670 keys,"33,473.70 ref, $1020.95",1,misc,Level 1-100 Hood,377,2026-07-22T19:06:53
76,Poisoned Shadows,Tam O' Shanter,33187.6,580 keys,"33,187.60 ref, $1012.22",1,misc,Level 1-100 Hat,480,2026-07-22T19:06:53
76,Poisoned Shadows,Modest Metal Pile of Scrap,32615.4,570 keys,"32,615.40 ref, $994.77",1,misc,Level 1-100 Hat,30001,2026-07-22T19:06:53
76,Poisoned Shadows,Hive Minder,31471,550 keys,"31,471.00 ref, $959.87",2,misc,Level 1-100 Hat,30093,2026-07-22T19:06:53
76,Poisoned Shadows,Charmer's Chapeau,30040.5,525 keys,"30,040.50 ref, $916.24",1,misc,Level 1-100 Hat,397,2026-07-22T19:06:53
76,Poisoned Shadows,Counterfeit Billycock,30040.5,400–650 keys,"30,040.50 ref, $916.24",0,misc,Level 10 Hat,602,2026-07-22T19:06:53
76,Poisoned Shadows,Harmburg,30040.5,500–550 keys,"30,040.50 ref, $916.24",4,misc,Level 1-100 Hat,30123,2026-07-22T19:06:53
76,Poisoned Shadows,B'aaarrgh-n-Bicorne,29868.84,522 keys,"29,868.84 ref, $911.00",1,misc,Level 1-100 Hat,30718,2026-07-22T19:06:53
76,Poisoned Shadows,Nunhood,28610,500 keys,"28,610.00 ref, $872.61",1,misc,Level 1-100 Hat,30311,2026-07-22T19:06:53
76,Poisoned Shadows,Pencil Pusher,28610,500 keys,"28,610.00 ref, $872.61",1,misc,Level 10 Hair,605,2026-07-22T19:06:53
76,Poisoned Shadows,Stainless Pot,28610,500 keys,"28,610.00 ref, $872.61",3,misc,Level 1-100 Hat,98,2026-07-22T19:06:53
76,Poisoned Shadows,Big Country,28438.34,497 keys,"28,438.34 ref, $867.37",2,misc,Level 1-100 Hair,382,2026-07-22T19:06:53
76,Poisoned Shadows,Professor's Peculiarity,28037.8,490 keys,"28,037.80 ref, $855.15",3,misc,Level 1-100 Hair,384,2026-07-22T19:06:53
76,Poisoned Shadows,Exquisite Rack,26664.52,466 keys,"26,664.52 ref, $813.27",1,misc,Level 1-100 Cosmetic Item,339,2026-07-22T19:06:53
76,Poisoned Shadows,Trencher's Topper,26321.2,460 keys,"26,321.20 ref, $802.80",1,misc,Level 1-100 Helmet,30336,2026-07-22T19:06:53
76,Poisoned Shadows,Helmet without a Home,25749,450 keys,"25,749.00 ref, $785.34",2,misc,Level 1-100 Helmet,732,2026-07-22T19:06:53
76,Poisoned Shadows,Respectless Robo-Glove,25749,450 keys,"25,749.00 ref, $785.34",3,misc,Level 1-100 Hat,30039,2026-07-22T19:06:53
76,Poisoned Shadows,Buccaneer's Bicorne,25176.8,440 keys,"25,176.80 ref, $767.89",1,misc,Level 10 Hat,607,2026-07-22T19:06:53
76,Poisoned Shadows,Horrific Headsplitter,25176.8,440 keys,"25,176.80 ref, $767.89",2,misc,Level 31 Hat,291,2026-07-22T19:06:53
76,Poisoned Shadows,Strontium Stove Pipe,24890.7,435 keys,"24,890.70 ref, $759.17",1,misc,Level 1-100 Hat,30037,2026-07-22T19:06:53
76,Poisoned Shadows,Bomber's Bucket Hat,24833.48,434 keys,"24,833.48 ref, $757.42",0,misc,Level 1-100 Hat,30547,2026-07-22T19:06:53
76,Poisoned Shadows,Soviet Gentleman,23460.2,410 keys,"23,460.20 ref, $715.54",1,misc,Level 1-100 Hat,821,2026-07-22T19:06:53
76,Poisoned Shadows,Samur-Eye,22888,400 keys,"22,888.00 ref, $698.08",2,misc,Level 1-100 Helmet,359,2026-07-22T19:06:53
76,Poisoned Shadows,Virus Doctor,22888,400 keys,"22,888.00 ref, $698.08",3,misc,Level 1-100 Hat,30043,2026-07-22T19:06:53
76,Poisoned Shadows,Rebel Rouser,22029.7,385 keys,"22,029.70 ref, $671.91",1,misc,Level 1-100 Hat,30120,2026-07-22T19:06:53
76,Poisoned Shadows,Barnstormer,21743.6,380 keys,"21,743.60 ref, $663.18",2,misc,Level 1-100 Hat,988,2026-07-22T19:06:53
76,Poisoned Shadows,Texas Ten Gallon,21743.6,375–385 keys,"21,743.60 ref, $663.18",2,misc,Level 1-100 Hat,94,2026-07-22T19:06:53
76,Poisoned Shadows,Brown Bomber,21561.639344262,322.99–430.65 keys,"21,561.64 ref, 376.82 keys",1,misc,Level 1-100 Hat,671,2026-07-22T19:06:53
76,Poisoned Shadows,Nanobalaclava,21457.5,375 keys,"21,457.50 ref, $654.45",2,misc,Level 10 Hat,521,2026-07-22T19:06:53
76,Poisoned Shadows,Big Elfin Deal,21171.4,370 keys,"21,171.40 ref, $645.73",4,misc,Level 1-100 Hat,652,2026-07-22T19:06:53
76,Poisoned Shadows,Galvanized Gibus,20885.3,365 keys,"20,885.30 ref, $637.00",2,misc,Level 1-100 Hat,30003,2026-07-22T19:06:53
76,Poisoned Shadows,Dragonborn Helmet,20027,350 keys,"20,027.00 ref, $610.82",3,misc,Level 10 Helmet,517,2026-07-22T19:06:53
76,Poisoned Shadows,Glengarry Bonnet,19426.19,285–394 keys,"19,426.19 ref, $592.50",1,misc,Level 1-100 Hat,100,2026-07-22T19:06:53
76,Poisoned Shadows,Front Runner,18596.5,305–345 keys,"18,596.50 ref, $567.19",1,misc,Level 1-100 Hat,760,2026-07-22T19:06:53
76,Poisoned Shadows,Halogen Head Lamp,18596.5,325 keys,"18,596.50 ref, $567.19",1,misc,Level 1-100 Hat,30041,2026-07-22T19:06:53
76,Poisoned Shadows,Electric Escorter,17738.2,310 keys,"17,738.20 ref, $541.02",3,misc,Level 1-100 Hat,30025,2026-07-22T19:06:53
76,Poisoned Shadows,Voodoo JuJu (Slight Return),17309.05,280–325 keys,"17,309.05 ref, $527.93",3,misc,Level 1-100 Hat,935,2026-07-22T19:06:53
76,Poisoned Shadows,Warhood,17166,300 keys,"17,166.00 ref, $523.56",0,misc,Level 1-100 Hood,30866,2026-07-22T19:06:53
76,Poisoned Shadows,Industrial Festivizer,16021.6,230–330 keys,"16,021.60 ref, $488.66",2,misc,Level 1-100 Hat,338,2026-07-22T19:06:53
76,Poisoned Shadows,Le Party Phantom,16021.6,280 keys,"16,021.60 ref, $488.66",1,misc,Level 1-100 Mask,337,2026-07-22T19:06:53
76,Poisoned Shadows,Danger,15592.45,265–280 keys,"15,592.45 ref, $475.57",1,misc,Level 1-100 Apparel,30420,2026-07-22T19:06:53
76,Poisoned Shadows,Das Hazmattenhatten,15163.3,265 keys,"15,163.30 ref, $462.48",0,misc,Level 1-100 Safety Apparatus,30095,2026-07-22T19:06:53
76,Poisoned Shadows,Chieftain's Challenge,13160.6,230 keys,"13,160.60 ref, $401.40",1,misc,Level 1-100 Hat,250,2026-07-22T19:06:53
76,Poisoned Shadows,Napper's Respite,12760.06,223 keys,"12,760.06 ref, $389.18",2,misc,Level 1-100 Hat,248,2026-07-22T19:06:53
76,Poisoned Shadows,Kiss King,12702.84,222 keys,"12,702.84 ref, $387.44",1,misc,Level 1-100 Hat,30313,2026-07-22T19:06:53
76,Poisoned Shadows,Bonk Boy,12073.42,211 keys,"12,073.42 ref, $368.24",2,misc,Level 1-100 Mask,451,2026-07-22T19:06:53
76,Poisoned Shadows,Human Cannonball,11844.54,207 keys,"11,844.54 ref, $361.26",1,misc,Level 1-100 Helmet,817,2026-07-22T19:06:53
76,Poisoned Shadows,Vintage Tyrolean,11444,200 keys,"11,444.00 ref, $349.04",3,misc,Level 1-100 Hat,101,2026-07-22T19:06:53
76,Poisoned Shadows,Cyborg Stunt Helmet,11300.95,180–215 keys,"11,300.95 ref, $344.68",1,misc,Level 1-100 Helmet,30024,2026-07-22T19:06:53
76,Poisoned Shadows,Flamboyant Flamenco,10585.7,185 keys,"10,585.70 ref, $322.86",2,misc,Level 10 Hat,627,2026-07-22T19:06:53
76,Poisoned Shadows,Killer's Kabuto,10299.6,180 keys,"10,299.60 ref, $314.14",1,misc,Level 1-100 Helmet,152,2026-07-22T19:06:53
76,Poisoned Shadows,Pyro's Boron Beanie,9870.45,170–175 keys,"9,870.45 ref, $301.05",2,misc,Level 1-100 Hat,30040,2026-07-22T19:06:53
76,Poisoned Shadows,Furious Fukaamigasa,8811.88,154 keys,"8,811.88 ref, $268.76",2,misc,Level 1-100 Hat,395,2026-07-22T19:06:53
76,Poisoned Shadows,Surgeon's Stahlhelm,8726.05,130–175 keys,"8,726.05 ref, $266.14",2,misc,Level 10 Helmet,616,2026-07-22T19:06:53
76,Poisoned Shadows,Lucky Shot,8640.22,140–162 keys,"8,640.22 ref, $263.53",1,misc,Level 1-100 Helmet,701,2026-07-22T19:06:53
76,Poisoned Shadows,Attendant,8583,150 keys,"8,583.00 ref, $261.78",2,misc,Level 1-100 Hat,213,2026-07-22T19:06:53
76,Poisoned Shadows,Ze Goggles,8068.02,141 keys,"8,068.02 ref, $246.07",1,misc,Level 1-100 Glasses,177,2026-07-22T19:06:53
76,Poisoned Shadows,Private Eye,7724.7,135 keys,"7,724.70 ref, $235.60",1,misc,Level 1-100 Hat,388,2026-07-22T19:06:53
76,Poisoned Shadows,Pithy Professional,7667.48,134 keys,"7,667.48 ref, $233.86",0,misc,Level 1-100 Hat,30915,2026-07-22T19:06:53
76,Poisoned Shadows,Hermes,6866.4,120 keys,"6,866.40 ref, $209.43",1,misc,Level 10 Hat,633,2026-07-22T19:06:53
76,Poisoned Shadows,Slick Cut,6866.4,120 keys,"6,866.40 ref, $209.43",1,misc,Level 1-100 Hair,30187,2026-07-22T19:06:53
76,Poisoned Shadows,Western Wear,6866.4,120 keys,"6,866.40 ref, $209.43",2,misc,Level 1-100 Hat,379,2026-07-22T19:06:53
76,Poisoned Shadows,Firewall Helmet,6465.86,101–125 keys,"6,465.86 ref, $197.21",2,misc,Level 1-100 Helmet,30038,2026-07-22T19:06:53
76,Poisoned Shadows,Brain Bucket,6294.2,110 keys,"6,294.20 ref, $191.97",1,misc,Level 1-100 Hat,434,2026-07-22T19:06:53
76,Poisoned Shadows,Brain-Warming Wear,6179.76,91–125 keys,"6,179.76 ref, $188.48",0,misc,Level 1-100 Hat,30827,2026-07-22T19:06:53
76,Poisoned Shadows,Bullet Buzz,5722,100 keys,"5,722.00 ref, $174.52",1,misc,Level 1-100 Hair,30344,2026-07-22T19:06:53
76,Poisoned Shadows,Ol' Geezer,5722,100 keys,"5,722.00 ref, $174.52",1,misc,Level 1-100 Hat,399,2026-07-22T19:06:53
76,Poisoned Shadows,Stormin' Norman,5292.85,80–105 keys,"5,292.85 ref, $161.43",4,misc,Level 1-100 Helmet,30112,2026-07-22T19:06:53
76,Poisoned Shadows,Pom-Pommed Provocateur,5149.8,80–100 keys,"5,149.80 ref, $157.07",3,misc,Level 1-100 Mask,30072,2026-07-22T19:06:53
76,Poisoned Shadows,Das Maddendoktor,4863.7,85 keys,"4,863.70 ref, $148.34",2,misc,Level 1-100 Hair,30121,2026-07-22T19:06:53
76,Poisoned Shadows,Gridiron Guardian,4863.7,85 keys,"4,863.70 ref, $148.34",1,misc,Level 1-100 Helmet,30013,2026-07-22T19:06:53
76,Poisoned Shadows,Hotrod,4863.7,85 keys,"4,863.70 ref, $148.34",1,misc,Level 1-100 Mask,148,2026-07-22T19:06:53
76,Poisoned Shadows,Baron von Havenaplane,4806.48,84 keys,"4,806.48 ref, $146.60",1,misc,Level 1-100 Hat,30136,2026-07-22T19:06:53
76,Poisoned Shadows,Hound Dog,4577.6,80 keys,"4,577.60 ref, $139.62",1,misc,Level 1-100 Hair,145,2026-07-22T19:06:53
76,Poisoned Shadows,Sergeant's Drill Hat,4405.94,77 keys,"4,405.94 ref, $134.38",1,misc,Level 1-100 Hat,183,2026-07-22T19:06:53
76,Poisoned Shadows,Ye Olde Baker Boy,4119.84,72 keys,"4,119.84 ref, $125.66",1,misc,Level 1-100 Hat,107,2026-07-22T19:06:53
76,Poisoned Shadows,Katyusha,4005.4,70 keys,"4,005.40 ref, $122.16",1,misc,Level 1-100 Hat,30094,2026-07-22T19:06:53
76,Poisoned Shadows,Gentleman's Ushanka,3776.52,66 keys,"3,776.52 ref, $115.18",1,misc,Level 1-100 Hat,778,2026-07-22T19:06:53
76,Poisoned Shadows,Jumper's Jeepcap,3662.08,64 keys,"3,662.08 ref, $111.69",2,misc,Level 1-100 Hat,417,2026-07-22T19:06:53
76,Poisoned Shadows,Hard Counter,3604.86,61–65 keys,"3,604.86 ref, $109.95",1,misc,Level 1-100 Hat,254,2026-07-22T19:06:53
76,Poisoned Shadows,Backbiter's Billycock,3490.42,57–65 keys,"3,490.42 ref, $106.46",2,misc,Level 1-100 Hat,108,2026-07-22T19:06:53
76,Poisoned Shadows,Bombing Run,3032.66,53 keys,"3,032.66 ref, $92.50",1,misc,Level 1-100 Helmet,249,2026-07-22T19:06:53
76,Poisoned Shadows,Professional's Panama,2918.22,45–57 keys,"2,918.22 ref, $89.01",0,misc,Level 1-100 Hat,109,2026-07-22T19:06:53
76,Poisoned Shadows,Bolted Birdcage,2803.78,49 keys,"2,803.78 ref, $85.52",2,misc,Level 1-100 Hat,30057,2026-07-22T19:06:53
76,Poisoned Shadows,Magistrate's Mullet,2803.78,49 keys,"2,803.78 ref, $85.52",1,misc,Level 1-100 Hair,147,2026-07-22T19:06:53
76,Poisoned Shadows,Ol' Snaggletooth,2775.17,47–50 keys,"2,775.17 ref, $84.64",2,misc,Level 1-100 Hat,229,2026-07-22T19:06:53
76,Poisoned Shadows,Prancer's Pride,2746.56,48 keys,"2,746.56 ref, $83.77",2,misc,Level 1-100 Hat,318,2026-07-22T19:06:53
76,Poisoned Shadows,Burning Bandana,2689.34,44–50 keys,"2,689.34 ref, $82.02",1,misc,Level 1-100 Bandana,30091,2026-07-22T19:06:53
76,Poisoned Shadows,Pure Tin Capotain,2689.34,47 keys,"2,689.34 ref, $82.02",1,misc,Level 1-100 Hat,30021,2026-07-22T19:06:53
76,Poisoned Shadows,Titanium Tyrolean,2632.12,46 keys,"2,632.12 ref, $80.28",1,misc,Level 1-100 Hat,30045,2026-07-22T19:06:53
76,Poisoned Shadows,Coupe D'isaster,2346.02,40–42 keys,"2,346.02 ref, $71.55",2,misc,Level 1-100 Hair,330,2026-07-22T19:06:53
76,Poisoned Shadows,Dead Cone,2059.92,30–42 keys,"2,059.92 ref, $62.83",1,misc,Level 1-100 Hat,435,2026-07-22T19:06:53
76,Poisoned Shadows,Letch's LED,2059.92,36 keys,"2,059.92 ref, $62.83",1,misc,Level 1-100 Hat,30002,2026-07-22T19:06:53
76,Poisoned Shadows,Waxy Wayfinder,2002.7,33–37 keys,"2,002.70 ref, $61.08",3,misc,Level 1-100 Hat,753,2026-07-22T19:06:53
79,Darkblaze,Pyromancer's Mask,787919.4,13770 keys,"787,919.40 ref, $24031.54",1,misc,Level 1-100 Mask,316,2026-07-22T19:06:53
79,Darkblaze,Killer Exclusive,632281,11050 keys,"632,281.00 ref, $19284.57",3,misc,Level 10 Hat,538,2026-07-22T19:06:53
79,Darkblaze,Team Captain,629420,11000 keys,"629,420.00 ref, $19197.31",3,misc,Level 1-100 Hat,378,2026-07-22T19:06:53
79,Darkblaze,Virtual Viewfinder,553603.5,9675 keys,"553,603.50 ref, $16884.91",1,misc,Level 1-100 Headset,30140,2026-07-22T19:06:53
79,Darkblaze,Antlers,549312,9600 keys,"549,312.00 ref, $16754.02",1,misc,Level 1-100 Cosmetic Item,993,2026-07-22T19:06:53
79,Darkblaze,Crone's Dome,421711.4,7370 keys,"421,711.40 ref, $12862.20",1,misc,Level 1-100 Hat,920,2026-07-22T19:06:53
79,Darkblaze,Brown Bomber,320432,5600 keys,"320,432.00 ref, $9773.18",1,misc,Level 1-100 Hat,671,2026-07-22T19:06:53
79,Darkblaze,Das Hazmattenhatten,320432,5600 keys,"320,432.00 ref, $9773.18",1,misc,Level 1-100 Safety Apparatus,30095,2026-07-22T19:06:53
79,Darkblaze,Flipped Trilby,306127,5350 keys,"306,127.00 ref, $9336.87",1,misc,Level 1-100 Hat,324,2026-07-22T19:06:53
79,Darkblaze,Brotherhood of Arms,292966.4,5120 keys,"292,966.40 ref, $8935.48",3,misc,Level 1-100 Hat,30066,2026-07-22T19:06:53
79,Darkblaze,Pencil Pusher,280378,4900 keys,"280,378.00 ref, $8551.53",1,misc,Level 10 Hair,605,2026-07-22T19:06:53
79,Darkblaze,Hat with No Name,264642.5,4625 keys,"264,642.50 ref, $8071.60",1,misc,Level 10 Hat,631,2026-07-22T19:06:53
79,Darkblaze,Tough Stuff Muffs,258634.4,4520 keys,"258,634.40 ref, $7888.35",2,misc,Level 1-100 Hat,984,2026-07-22T19:06:53
79,Darkblaze,Infernal Impaler,252912.4,4420 keys,"252,912.40 ref, $7713.83",1,misc,Level 13 Headgear,575,2026-07-22T19:06:53
79,Darkblaze,Soldered Sensei,240324,4200 keys,"240,324.00 ref, $7329.88",4,misc,Level 1-100 Hat,30004,2026-07-22T19:06:53
79,Darkblaze,Well-Rounded Rifleman,224588.5,3925 keys,"224,588.50 ref, $6849.95",3,misc,Level 1-100 Hat,30067,2026-07-22T19:06:53
79,Darkblaze,A Rather Festive Tree,217436,3800 keys,"217,436.00 ref, $6631.80",2,misc,Level 1-100 Hat,341,2026-07-22T19:06:53
79,Darkblaze,Troublemaker's Tossle Cap,213888.36,3738 keys,"213,888.36 ref, $6523.59",2,misc,Level 1-100 Hat,150,2026-07-22T19:06:53
79,Darkblaze,Nunhood,197409,3450 keys,"197,409.00 ref, $6020.97",1,misc,Level 1-100 Hat,30311,2026-07-22T19:06:53
79,Darkblaze,Tyrant's Helm,171660,3000 keys,"171,660.00 ref, $5235.63",2,misc,Level 1-100 Helmet,99,2026-07-22T19:06:53
79,Darkblaze,Dark Falkirk Helm,167368.5,2925 keys,"167,368.50 ref, $5104.74",1,misc,Level 1-100 Helmet,30357,2026-07-22T19:06:53
79,Darkblaze,Flamboyant Flamenco,143793.86,2513 keys,"143,793.86 ref, $4385.71",5,misc,Level 10 Hat,627,2026-07-22T19:06:53
79,Darkblaze,Pithy Professional,143622.2,2510 keys,"143,622.20 ref, $4380.48",3,misc,Level 1-100 Hat,30915,2026-07-22T19:06:53
79,Darkblaze,Texas Ten Gallon,131606,2300 keys,"131,606.00 ref, $4013.98",2,misc,Level 1-100 Hat,94,2026-07-22T19:06:53
79,Darkblaze,Bonk Helm,128745,2250 keys,"128,745.00 ref, $3926.72",1,misc,Level 1-100 Helmet,106,2026-07-22T19:06:53
79,Darkblaze,Modest Metal Pile of Scrap,125884,2200 keys,"125,884.00 ref, $3839.46",2,misc,Level 1-100 Hat,30001,2026-07-22T19:06:53
79,Darkblaze,Heavy Duty Rag,120162,2100 keys,"120,162.00 ref, $3664.94",3,misc,Level 1-100 Bandana,185,2026-07-22T19:06:53
79,Darkblaze,Brim-Full of Bullets,114440,2000 keys,"114,440.00 ref, $3490.42",5,misc,Level 1-100 Hat,30173,2026-07-22T19:06:53
79,Darkblaze,Virus Doctor,114440,2000 keys,"114,440.00 ref, $3490.42",1,misc,Level 1-100 Hat,30043,2026-07-22T19:06:53
79,Darkblaze,Triboniophorus Tyrannus,106429.2,1860 keys,"106,429.20 ref, $3246.09",2,misc,Level 1-100 Mascot,151,2026-07-22T19:06:53
79,Darkblaze,Desert Marauder,104426.5,1825 keys,"104,426.50 ref, $3185.01",2,misc,Level 1-100 Hat,400,2026-07-22T19:06:53
79,Darkblaze,Chieftain's Challenge,103568.2,1810 keys,"103,568.20 ref, $3158.83",2,misc,Level 1-100 Hat,250,2026-07-22T19:06:53
79,Darkblaze,Backbiter's Billycock,102996,1800 keys,"102,996.00 ref, $3141.38",3,misc,Level 1-100 Hat,108,2026-07-22T19:06:53
79,Darkblaze,Halogen Head Lamp,102996,1800 keys,"102,996.00 ref, $3141.38",1,misc,Level 1-100 Hat,30041,2026-07-22T19:06:53
79,Darkblaze,Crocleather Slouch,100135,1750 keys,"100,135.00 ref, $3054.12",3,misc,Level 1-100 Hat,344,2026-07-22T19:06:53
79,Darkblaze,Executioner,94413,1650 keys,"94,413.00 ref, $2879.60",2,misc,Level 1-100 Hat,921,2026-07-22T19:06:53
79,Darkblaze,Whoopee Cap,94413,1650 keys,"94,413.00 ref, $2879.60",4,misc,Level 1-100 Hat,174,2026-07-22T19:06:53
79,Darkblaze,Galvanized Gibus,92982.5,1450–1800 keys,"92,982.50 ref, $2835.97",4,misc,Level 1-100 Hat,30003,2026-07-22T19:06:53
79,Darkblaze,Bear Necessities,91552,1600 keys,"91,552.00 ref, $2792.34",4,misc,Level 1-100 Spirit Animal,30122,2026-07-22T19:06:53
79,Darkblaze,Full Metal Drill Hat,91552,1600 keys,"91,552.00 ref, $2792.34",1,misc,Level 1-100 Hat,30026,2026-07-22T19:06:53
79,Darkblaze,Hound Dog,91552,1600 keys,"91,552.00 ref, $2792.34",1,misc,Level 1-100 Hair,145,2026-07-22T19:06:53
79,Darkblaze,Noble Amassment of Hats,91552,1600 keys,"91,552.00 ref, $2792.34",2,misc,Level 1-100 Hat,137,2026-07-22T19:06:53
79,Darkblaze,Surgeon's Stahlhelm,90121.5,1575 keys,"90,121.50 ref, $2748.71",1,misc,Level 10 Helmet,616,2026-07-22T19:06:53
79,Darkblaze,Hard Counter,88691,1550 keys,"88,691.00 ref, $2705.08",2,misc,Level 1-100 Hat,254,2026-07-22T19:06:53
79,Darkblaze,Grenadier's Softcap,85830,1500 keys,"85,830.00 ref, $2617.82",2,misc,Level 1-100 Hat,227,2026-07-22T19:06:53
79,Darkblaze,Officer's Ushanka,85830,1500 keys,"85,830.00 ref, $2617.82",2,misc,Level 1-100 Hat,96,2026-07-22T19:06:53
79,Darkblaze,Razor Cut,85830,1500 keys,"85,830.00 ref, $2617.82",1,misc,Level 1-100 Hat,30393,2026-07-22T19:06:53
79,Darkblaze,Attendant,82969,1450 keys,"82,969.00 ref, $2530.55",1,misc,Level 1-100 Hat,213,2026-07-22T19:06:53
79,Darkblaze,Hermes,80108,1400 keys,"80,108.00 ref, $2443.29",4,misc,Level 10 Hat,633,2026-07-22T19:06:53
79,Darkblaze,Fruit Shoot,79535.8,1390 keys,"79,535.80 ref, $2425.84",2,misc,Level 1-100 Hat,759,2026-07-22T19:06:53
79,Darkblaze,Cloud Crasher,77247,1350 keys,"77,247.00 ref, $2356.03",3,misc,Level 1-100 Helmet,30071,2026-07-22T19:06:53
79,Darkblaze,One-Man Army,71525,1250 keys,"71,525.00 ref, $2181.51",2,misc,Level 10 Hair,601,2026-07-22T19:06:53
79,Darkblaze,Professor's Peculiarity,71525,1250 keys,"71,525.00 ref, $2181.51",5,misc,Level 1-100 Hair,384,2026-07-22T19:06:53
79,Darkblaze,Backwards Ballcap,68664,1200 keys,"68,664.00 ref, $2094.25",3,misc,Level 10 Hat,617,2026-07-22T19:06:53
79,Darkblaze,Cyborg Stunt Helmet,68664,1200 keys,"68,664.00 ref, $2094.25",1,misc,Level 1-100 Helmet,30024,2026-07-22T19:06:53
79,Darkblaze,Das Naggenvatcher,68664,1200 keys,"68,664.00 ref, $2094.25",5,misc,Level 1-100 Hat,30109,2026-07-22T19:06:53
79,Darkblaze,Helmet without a Home,68664,1200 keys,"68,664.00 ref, $2094.25",2,misc,Level 1-100 Helmet,732,2026-07-22T19:06:53
79,Darkblaze,Prince Tavish's Crown,68664,1200 keys,"68,664.00 ref, $2094.25",3,misc,Level 1-100 Hat,342,2026-07-22T19:06:53
79,Darkblaze,Vintage Tyrolean,68377.9,1195 keys,"68,377.90 ref, $2085.53",1,misc,Level 1-100 Hat,101,2026-07-22T19:06:53
79,Darkblaze,Caribbean Conqueror,63571.42,1111 keys,"63,571.42 ref, $1938.93",1,misc,Level 1-100 Hat,30116,2026-07-22T19:06:53
79,Darkblaze,Buccaneer's Bicorne,62942,1100 keys,"62,942.00 ref, $1919.73",1,misc,Level 10 Hat,607,2026-07-22T19:06:53
79,Darkblaze,Milkman,62942,1100 keys,"62,942.00 ref, $1919.73",1,misc,Level 1-100 Hat,219,2026-07-22T19:06:53
79,Darkblaze,Soldier's Slope Scopers,62942,1100 keys,"62,942.00 ref, $1919.73",1,misc,Level 1-100 Hat,980,2026-07-22T19:06:53
79,Darkblaze,Frenchman's Beret,60081,1000–1100 keys,"60,081.00 ref, $1832.47",2,misc,Level 1-100 Hat,180,2026-07-22T19:06:53
79,Darkblaze,Anger,57220,1000 keys,"57,220.00 ref, $1745.21",2,misc,Level 10 Hood,518,2026-07-22T19:06:53
79,Darkblaze,Bonk Leadwear,57220,1000 keys,"57,220.00 ref, $1745.21",2,misc,Level 1-100 Helmet,30030,2026-07-22T19:06:53
79,Darkblaze,Doctor's Sack,57220,1000 keys,"57,220.00 ref, $1745.21",2,misc,Level 1-100 Hat,398,2026-07-22T19:06:53
79,Darkblaze,Larrikin Robin,57220,1000 keys,"57,220.00 ref, $1745.21",6,misc,Level 1-100 Hat,314,2026-07-22T19:06:53
79,Darkblaze,Pom-Pommed Provocateur,56361.7,985 keys,"56,361.70 ref, $1719.03",3,misc,Level 1-100 Mask,30072,2026-07-22T19:06:53
79,Darkblaze,Bot Dogger,56075.6,980 keys,"56,075.60 ref, $1710.31",3,misc,Level 1-100 Hat,30018,2026-07-22T19:06:53
79,Darkblaze,Hive Minder,55503.4,970 keys,"55,503.40 ref, $1692.85",2,misc,Level 1-100 Hat,30093,2026-07-22T19:06:53
79,Darkblaze,Ol' Geezer,54359,950 keys,"54,359.00 ref, $1657.95",4,misc,Level 1-100 Hat,399,2026-07-22T19:06:53
79,Darkblaze,Potassium Bonnet,54359,950 keys,"54,359.00 ref, $1657.95",1,misc,Level 1-100 Hat,30643,2026-07-22T19:06:53
79,Darkblaze,Janissary Ketche,52356.3,915 keys,"52,356.30 ref, $1596.87",4,misc,Level 1-100 Hat,437,2026-07-22T19:06:53
79,Darkblaze,Bombing Run,51498,900 keys,"51,498.00 ref, $1570.69",1,misc,Level 1-100 Helmet,249,2026-07-22T19:06:53
79,Darkblaze,Familiar Fez,51498,750–1050 keys,"51,498.00 ref, $1570.69",2,misc,Level 1-100 Hat,223,2026-07-22T19:06:53
79,Darkblaze,Reggaelator,51498,900 keys,"51,498.00 ref, $1570.69",2,misc,Level 1-100 Hat,390,2026-07-22T19:06:53
79,Darkblaze,Le Party Phantom,50353.6,880 keys,"50,353.60 ref, $1535.78",1,misc,Level 1-100 Mask,337,2026-07-22T19:06:53
79,Darkblaze,Private Eye,50353.6,880 keys,"50,353.60 ref, $1535.78",1,misc,Level 1-100 Hat,388,2026-07-22T19:06:53
79,Darkblaze,Rimmed Raincatcher,48637,850 keys,"48,637.00 ref, $1483.43",3,misc,Level 1-100 Hat,216,2026-07-22T19:06:53
79,Darkblaze,War Pig,48207.85,685–1000 keys,"48,207.85 ref, $1470.34",2,misc,Level 1-100 Headgear,829,2026-07-22T19:06:53
79,Darkblaze,Valley Forge,46634.3,815 keys,"46,634.30 ref, $1422.35",1,misc,Level 1-100 Hat,30114,2026-07-22T19:06:53
79,Darkblaze,Burning Bandana,45776,800 keys,"45,776.00 ref, $1396.17",1,misc,Level 1-100 Bandana,30091,2026-07-22T19:06:53
79,Darkblaze,Little Buddy,45776,700–900 keys,"45,776.00 ref, $1396.17",1,misc,Level 10 Hat,612,2026-07-22T19:06:53
79,Darkblaze,Capo's Capper,40626.2,710 keys,"40,626.20 ref, $1239.10",4,misc,Level 1-100 Hat,427,2026-07-22T19:06:53
79,Darkblaze,Outdoorsman,40054,700 keys,"40,054.00 ref, $1221.65",2,misc,Level 10 Hat,603,2026-07-22T19:06:53
79,Darkblaze,Rebel Rouser,40054,500–900 keys,"40,054.00 ref, $1221.65",1,misc,Level 1-100 Hat,30120,2026-07-22T19:06:53
79,Darkblaze,Barnstormer,38337.4,670 keys,"38,337.40 ref, $1169.29",2,misc,Level 1-100 Hat,988,2026-07-22T19:06:53
79,Darkblaze,Scotsman's Stove Pipe,37193,650 keys,"37,193.00 ref, $1134.39",1,misc,Level 1-100 Hat,120,2026-07-22T19:06:53
79,Darkblaze,Killer's Kabuto,35361.96,618 keys,"35,361.96 ref, $1078.54",2,misc,Level 1-100 Helmet,152,2026-07-22T19:06:53
79,Darkblaze,Blighted Beak,34332,600 keys,"34,332.00 ref, $1047.13",1,misc,Level 1-100 Mask,315,2026-07-22T19:06:53
79,Darkblaze,Pampered Pyro,34332,600 keys,"34,332.00 ref, $1047.13",3,misc,Level 1-100 Towel,30139,2026-07-22T19:06:53
79,Darkblaze,Frontier Djustice,33187.6,515–645 keys,"33,187.60 ref, $1012.22",1,misc,Level 1-100 Hat,30421,2026-07-22T19:06:53
79,Darkblaze,Glasgow Great Helm,31471,550 keys,"31,471.00 ref, $959.87",5,misc,Level 1-100 Helmet,30082,2026-07-22T19:06:53
79,Darkblaze,Hetman's Headpiece,31184.9,540–550 keys,"31,184.90 ref, $951.14",2,misc,Level 1-100 Hat,436,2026-07-22T19:06:53
79,Darkblaze,Sober Stuntman,28610,500 keys,"28,610.00 ref, $872.61",2,misc,Level 1-100 Helmet,255,2026-07-22T19:06:53
79,Darkblaze,Wraith Wrap,28610,500 keys,"28,610.00 ref, $872.61",2,misc,Level 1-100 Apparel,937,2026-07-22T19:06:53
79,Darkblaze,Front Runner,28037.8,490 keys,"28,037.80 ref, $855.15",3,misc,Level 1-100 Hat,760,2026-07-22T19:06:53
79,Darkblaze,Handyman's Handle,26893.4,470 keys,"26,893.40 ref, $820.25",2,misc,Level 1-100 Hat,253,2026-07-22T19:06:53
79,Darkblaze,Das Maddendoktor,24604.6,430 keys,"24,604.60 ref, $750.44",2,misc,Level 1-100 Hair,30121,2026-07-22T19:06:53
79,Darkblaze,Cosa Nostra Cap,24032.4,420 keys,"24,032.40 ref, $732.99",2,misc,Level 1-100 Hat,459,2026-07-22T19:06:53
79,Darkblaze,Boxcar Bomber,23746.3,415 keys,"23,746.30 ref, $724.26",1,misc,Level 1-100 Hat,30546,2026-07-22T19:06:53
79,Darkblaze,Black Watch,23460.2,390–430 keys,"23,460.20 ref, $715.54",1,misc,Level 1-100 Hat,30105,2026-07-22T19:06:53
79,Darkblaze,Charmer's Chapeau,22888,400 keys,"22,888.00 ref, $698.08",2,misc,Level 1-100 Hat,397,2026-07-22T19:06:53
79,Darkblaze,Horrific Headsplitter,22888,390–410 keys,"22,888.00 ref, $698.08",2,misc,Level 31 Hat,291,2026-07-22T19:06:53
79,Darkblaze,Waxy Wayfinder,22172.75,350–425 keys,"22,172.75 ref, $676.27",5,misc,Level 1-100 Hat,753,2026-07-22T19:06:53
79,Darkblaze,Stately Steel Toe,22029.7,385 keys,"22,029.70 ref, $671.91",3,misc,Level 1-100 Hat,481,2026-07-22T19:06:53
79,Darkblaze,Big Chief,21457.5,350–400 keys,"21,457.50 ref, $654.45",2,misc,Level 1-100 Hat,309,2026-07-22T19:06:53
79,Darkblaze,Hong Kong Cone,20599.2,360 keys,"20,599.20 ref, $628.28",0,misc,Level 1-100 Hat,30177,2026-07-22T19:06:53
79,Darkblaze,Honcho's Headgear,20027,350 keys,"20,027.00 ref, $610.82",1,misc,Level 1-100 Hat,391,2026-07-22T19:06:53
79,Darkblaze,Ze Goggles,18882.6,330 keys,"18,882.60 ref, $575.92",2,misc,Level 1-100 Glasses,177,2026-07-22T19:06:53
79,Darkblaze,Pugilist's Protector,17881.25,285–340 keys,"17,881.25 ref, $545.38",2,misc,Level 1-100 Headgear,246,2026-07-22T19:06:53
79,Darkblaze,Noble Nickel Amassment of Hats,16450.75,275–300 keys,"16,450.75 ref, $501.75",5,misc,Level 1-100 Hat,30006,2026-07-22T19:06:53
79,Darkblaze,FR-0,16307.7,285 keys,"16,307.70 ref, $497.38",4,misc,Level 1-100 Hat,30016,2026-07-22T19:06:53
79,Darkblaze,Pardner's Pompadour,14305,250 keys,"14,305.00 ref, $436.30",1,misc,Level 1-100 Hair,30099,2026-07-22T19:06:53
79,Darkblaze,Base Metal Billycock,14247.78,249 keys,"14,247.78 ref, $434.56",2,misc,Level 1-100 Hat,30007,2026-07-22T19:06:53
79,Darkblaze,Texas Tin-Gallon,13618.36,238 keys,"13,618.36 ref, $415.36",2,misc,Level 1-100 Hat,30044,2026-07-22T19:06:53
79,Darkblaze,Soviet Gentleman,12588.4,220 keys,"12,588.40 ref, $383.95",2,misc,Level 1-100 Hat,821,2026-07-22T19:06:53
79,Darkblaze,Glengarry Bonnet,11444,200 keys,"11,444.00 ref, $349.04",1,misc,Level 1-100 Hat,100,2026-07-22T19:06:53
79,Darkblaze,Greased Lightning,10871.8,190 keys,"10,871.80 ref, $331.59",1,misc,Level 1-100 Hair,30078,2026-07-22T19:06:53
79,Darkblaze,Timeless Topper,8869.1,155 keys,"8,869.10 ref, $270.51",1,misc,Level 1-100 Hat,30035,2026-07-22T19:06:53
79,Darkblaze,Geisha Boy,8583,150 keys,"8,583.00 ref, $261.78",2,misc,Level 1-100 Hair,363,2026-07-22T19:06:53
79,Darkblaze,Napper's Respite,8583,150 keys,"8,583.00 ref, $261.78",2,misc,Level 1-100 Hat,248,2026-07-22T19:06:53
79,Darkblaze,Old Guadalajara,8583,150 keys,"8,583.00 ref, $261.78",2,misc,Level 1-100 Hat,247,2026-07-22T19:06:53
79,Darkblaze,Magnificent Mongolian,7438.6,130 keys,"7,438.60 ref, $226.88",1,misc,Level 1-100 Hat,313,2026-07-22T19:06:53
79,Darkblaze,Bootleg Base Metal Billycock,7152.5,125 keys,"7,152.50 ref, $218.15",2,misc,Level 1-100 Hat,30047,2026-07-22T19:06:53
79,Darkblaze,Baron von Havenaplane,7038.06,123 keys,"7,038.06 ref, $214.66",3,misc,Level 1-100 Hat,30136,2026-07-22T19:06:53
79,Darkblaze,Master's Yellow Belt,6866.4,120 keys,"6,866.40 ref, $209.43",1,misc,Level 1-100 Hat,110,2026-07-22T19:06:53
79,Darkblaze,Strontium Stove Pipe,6723.35,90–145 keys,"6,723.35 ref, $205.06",2,misc,Level 1-100 Hat,30037,2026-07-22T19:06:53
79,Darkblaze,Conjurer's Cowl,6523.08,114 keys,"6,523.08 ref, $198.95",2,misc,Level 1-100 Hood,465,2026-07-22T19:06:53
79,Darkblaze,Gridiron Guardian,6122.54,107 keys,"6,122.54 ref, $186.74",3,misc,Level 1-100 Helmet,30013,2026-07-22T19:06:53
79,Darkblaze,Das Gutenkutteharen,5950.88,92–116 keys,"5,950.88 ref, $181.50",1,misc,Level 1-100 Hair,30127,2026-07-22T19:06:53
79,Darkblaze,Cadaver's Cranium,5865.05,95–110 keys,"5,865.05 ref, $178.88",2,misc,Level 31 Hat,290,2026-07-22T19:06:53
79,Darkblaze,Towering Titanium Pillar of Hats,5435.9,95 keys,"5,435.90 ref, $165.79",3,misc,Level 1-100 Hat,30008,2026-07-22T19:06:53
79,Darkblaze,Battle Boonie,5149.8,90 keys,"5,149.80 ref, $157.07",6,misc,Level 1-100 Hat,30907,2026-07-22T19:06:53
79,Darkblaze,Scout Shako,5149.8,90 keys,"5,149.80 ref, $157.07",1,misc,Level 1-100 Hat,30326,2026-07-22T19:06:53
79,Darkblaze,Your Worst Nightmare,5149.8,90 keys,"5,149.80 ref, $157.07",0,misc,Level 10 Hair,600,2026-07-22T19:06:53
79,Darkblaze,Tyrantium Helmet,5121.19,76–103 keys,"5,121.19 ref, $156.20",3,misc,Level 1-100 Helmet,30014,2026-07-22T19:06:53
79,Darkblaze,Medic's Mountain Cap,4577.6,80 keys,"4,577.60 ref, $139.62",1,misc,Level 1-100 Hat,381,2026-07-22T19:06:53
79,Darkblaze,Nanobalaclava,4577.6,80 keys,"4,577.60 ref, $139.62",1,misc,Level 10 Hat,521,2026-07-22T19:06:53
79,Darkblaze,Slick Cut,4577.6,80 keys,"4,577.60 ref, $139.62",1,misc,Level 1-100 Hair,30187,2026-07-22T19:06:53
79,Darkblaze,Tavish DeGroot Experience,4577.6,80 keys,"4,577.60 ref, $139.62",2,misc,Level 10 Hat,604,2026-07-22T19:06:53
79,Darkblaze,Bunsen Brave,4405.94,77 keys,"4,405.94 ref, $134.38",1,misc,Level 1-100 Hat,30054,2026-07-22T19:06:53
79,Darkblaze,Human Cannonball,4405.94,68–86 keys,"4,405.94 ref, $134.38",1,misc,Level 1-100 Helmet,817,2026-07-22T19:06:53
79,Darkblaze,Defiant Spartan,4291.5,75 keys,"4,291.50 ref, $130.89",1,misc,Level 1-100 Helmet,340,2026-07-22T19:06:53
79,Darkblaze,Dragonborn Helmet,4291.5,70–80 keys,"4,291.50 ref, $130.89",2,misc,Level 10 Helmet,517,2026-07-22T19:06:53
79,Darkblaze,Ye Olde Baker Boy,4205.67,62–85 keys,"4,205.67 ref, $128.27",1,misc,Level 1-100 Hat,107,2026-07-22T19:06:53
79,Darkblaze,Runner's Warm-Up,3719.3,65 keys,"3,719.30 ref, $113.44",1,misc,Level 1-100 Hat,30332,2026-07-22T19:06:53
79,Darkblaze,Steel Shako,3547.64,62 keys,"3,547.64 ref, $108.20",2,misc,Level 1-100 Hat,30017,2026-07-22T19:06:53
79,Darkblaze,Tough Guy's Toque,3433.2,60 keys,"3,433.20 ref, $104.71",1,misc,Level 1-100 Hat,97,2026-07-22T19:06:53
79,Darkblaze,Tungsten Toque,3433.2,60 keys,"3,433.20 ref, $104.71",1,misc,Level 1-100 Hat,30049,2026-07-22T19:06:53
79,Darkblaze,Shooter's Sola Topi,2861,50 keys,"2,861.00 ref, $87.26",2,misc,Level 1-100 Helmet,158,2026-07-22T19:06:53
79,Darkblaze,Madame Dixie,2746.56,48 keys,"2,746.56 ref, $83.77",2,misc,Level 1-100 Hat,321,2026-07-22T19:06:53
79,Darkblaze,Buckaroo's Hat,2460.46,42–44 keys,"2,460.46 ref, $75.04",3,misc,Level 1-100 Hat,322,2026-07-22T19:06:53
79,Darkblaze,Coupe D'isaster,2288.8,40 keys,"2,288.80 ref, $69.81",1,misc,Level 1-100 Hair,330,2026-07-22T19:06:53
79,Darkblaze,Hot Dogger,2231.58,31–47 keys,"2,231.58 ref, $68.06",2,misc,Level 10 Hat,614,2026-07-22T19:06:53
79,Darkblaze,Tippler's Tricorne,2202.97,37–40 keys,"2,202.97 ref, $67.19",1,misc,Level 1-100 Hat,179,2026-07-22T19:06:53
79,Darkblaze,Prancer's Pride,2002.7,35 keys,"2,002.70 ref, $61.08",1,misc,Level 1-100 Hat,318,2026-07-22T19:06:53
79,Darkblaze,Plumber's Pipe,1974.09,31–38 keys,"1,974.09 ref, $60.21",1,misc,Level 1-100 Hat,30022,2026-07-22T19:06:53
79,Darkblaze,Pyro's Boron Beanie,1716.6,30 keys,"1,716.60 ref, $52.36",1,misc,Level 1-100 Hat,30040,2026-07-22T19:06:53
79,Darkblaze,Sultan's Ceremonial,1659.38,28–30 keys,"1,659.38 ref, $50.61",1,misc,Level 1-100 Hat,403,2026-07-22T19:06:53
79,Darkblaze,Ye Oiled Baker Boy,1430.5,25 keys,"1,430.50 ref, $43.63",1,misc,Level 1-100 Hat,30019,2026-07-22T19:06:53
79,Darkblaze,Data Mining Light,1201.62,21 keys,"1,201.62 ref, $36.65",1,misc,Level 1-100 Helmet,30051,2026-07-22T19:06:53
79,Darkblaze,A Head Full of Hot Air,0,,,1,misc,Level 1-100 Hat,30662,2026-07-22T19:06:53
79,Darkblaze,Rotation Sensation,0,,,2,misc,Level 1-100 Hat,30623,2026-07-22T19:06:53
81,Bonzo the All-Gnawing,Rotation Sensation,869744,15200 keys,"869,744.00 ref, $26527.19",0,misc,Level 1-100 Hat,30623,2026-07-22T19:06:53
81,Bonzo the All-Gnawing,Team Captain,578436.98,10109 keys,"578,436.98 ref, $17642.33",3,misc,Level 1-100 Hat,378,2026-07-22T19:06:53
81,Bonzo the All-Gnawing,Killer's Kabuto,543590,9500 keys,"543,590.00 ref, $16579.49",2,misc,Level 1-100 Helmet,152,2026-07-22T19:06:53
81,Bonzo the All-Gnawing,Prehistoric Pullover,334737,5850 keys,"334,737.00 ref, $10209.48",2,misc,Level 1-100 Hood,30704,2026-07-22T19:06:53
81,Bonzo the All-Gnawing,Fed-Fightin' Fedora,317571,5550 keys,"317,571.00 ref, $9685.92",1,misc,Level 1-100 Hat,780,2026-07-22T19:06:53
81,Bonzo the All-Gnawing,Neckwear Headwear,307557.5,5375 keys,"307,557.50 ref, $9380.50",1,misc,Level 1-100 Hat,30307,2026-07-22T19:06:53
81,Bonzo the All-Gnawing,Brainiac Hairpiece,286100,5000 keys,"286,100.00 ref, $8726.05",2,misc,Level 1-100 Facial Hair,590,2026-07-22T19:06:53
81,Bonzo the All-Gnawing,Pithy Professional,286100,5000 keys,"286,100.00 ref, $8726.05",2,misc,Level 1-100 Hat,30915,2026-07-22T19:06:53
81,Bonzo the All-Gnawing,Galvanized Gibus,268934,4700 keys,"268,934.00 ref, $8202.49",1,misc,Level 1-100 Hat,30003,2026-07-22T19:06:53
81,Bonzo the All-Gnawing,Brotherhood of Arms,266073,4650 keys,"266,073.00 ref, $8115.23",1,misc,Level 1-100 Hat,30066,2026-07-22T19:06:53
81,Bonzo the All-Gnawing,Dr's Dapper Topper,261781.5,4575 keys,"261,781.50 ref, $7984.34",2,misc,Level 1-100 Hat,252,2026-07-22T19:06:53
81,Bonzo the All-Gnawing,Pencil Pusher,257490,4500 keys,"257,490.00 ref, $7853.44",2,misc,Level 10 Hair,605,2026-07-22T19:06:53
81,Bonzo the All-Gnawing,Duck Billed Hatypus,240324,4200 keys,"240,324.00 ref, $7329.88",1,misc,Level 1-100 Hat,30700,2026-07-22T19:06:53
81,Bonzo the All-Gnawing,Hunter in Darkness,228880,4000 keys,"228,880.00 ref, $6980.84",3,misc,Level 1-100 Hat,30877,2026-07-22T19:06:53
81,Bonzo the All-Gnawing,Sergeant's Drill Hat,228880,4000 keys,"228,880.00 ref, $6980.84",1,misc,Level 1-100 Hat,183,2026-07-22T19:06:53
81,Bonzo the All-Gnawing,Troublemaker's Tossle Cap,220297,3500–4200 keys,"220,297.00 ref, $6719.06",1,misc,Level 1-100 Hat,150,2026-07-22T19:06:53
81,Bonzo the All-Gnawing,Polar Pullover,203131,3550 keys,"203,131.00 ref, $6195.50",1,misc,Level 1-100 Hat,30329,2026-07-22T19:06:53
81,Bonzo the All-Gnawing,Wraith Wrap,193117.5,3375 keys,"193,117.50 ref, $5890.08",3,misc,Level 1-100 Apparel,937,2026-07-22T19:06:53
81,Bonzo the All-Gnawing,Merc's Mohawk,181959.6,3180 keys,"181,959.60 ref, $5549.77",1,misc,Level 1-100 Hair,30413,2026-07-22T19:06:53
81,Bonzo the All-Gnawing,Reggaelator,180243,3150 keys,"180,243.00 ref, $5497.41",2,misc,Level 1-100 Hat,390,2026-07-22T19:06:53
81,Bonzo the All-Gnawing,Blighted Beak,165938,2900 keys,"165,938.00 ref, $5061.11",2,misc,Level 1-100 Mask,315,2026-07-22T19:06:53
81,Bonzo the All-Gnawing,Your Worst Nightmare,160216,2800 keys,"160,216.00 ref, $4886.59",1,misc,Level 10 Hair,600,2026-07-22T19:06:53
81,Bonzo the All-Gnawing,Danger,157355,2750 keys,"157,355.00 ref, $4799.33",1,misc,Level 1-100 Apparel,30420,2026-07-22T19:06:53
81,Bonzo the All-Gnawing,Horrific Headsplitter,151633,2650 keys,"151,633.00 ref, $4624.81",1,misc,Level 31 Hat,291,2026-07-22T19:06:53
81,Bonzo the All-Gnawing,Kiss King,143050,2500 keys,"143,050.00 ref, $4363.02",3,misc,Level 1-100 Hat,30313,2026-07-22T19:06:53
81,Bonzo the All-Gnawing,Stainless Pot,143050,2500 keys,"143,050.00 ref, $4363.02",4,misc,Level 1-100 Hat,98,2026-07-22T19:06:53
81,Bonzo the All-Gnawing,Field Practice,136183.6,2380 keys,"136,183.60 ref, $4153.60",0,misc,Level 1-100 Headgear,30862,2026-07-22T19:06:53
81,Bonzo the All-Gnawing,Whoopee Cap,135039.2,2100–2620 keys,"135,039.20 ref, $4118.70",3,misc,Level 1-100 Hat,174,2026-07-22T19:06:53
81,Bonzo the All-Gnawing,Defiant Spartan,133894.8,2340 keys,"133,894.80 ref, $4083.79",1,misc,Level 1-100 Helmet,340,2026-07-22T19:06:53
81,Bonzo the All-Gnawing,Executioner,131606,1850–2750 keys,"131,606.00 ref, $4013.98",1,misc,Level 1-100 Hat,921,2026-07-22T19:06:53
81,Bonzo the All-Gnawing,Liquidator's Lid,128029.75,2175–2300 keys,"128,029.75 ref, $3904.91",1,misc,Level 1-100 Hat,779,2026-07-22T19:06:53
81,Bonzo the All-Gnawing,Fruit Shoot,126456.2,2120–2300 keys,"126,456.20 ref, $3856.91",1,misc,Level 1-100 Hat,759,2026-07-22T19:06:53
81,Bonzo the All-Gnawing,Buckaroo's Hat,120162,2100 keys,"120,162.00 ref, $3664.94",2,misc,Level 1-100 Hat,322,2026-07-22T19:06:53
81,Bonzo the All-Gnawing,Chieftain's Challenge,120162,2100 keys,"120,162.00 ref, $3664.94",1,misc,Level 1-100 Hat,250,2026-07-22T19:06:53
81,Bonzo the All-Gnawing,Dread Hiding Hood,120162,2100 keys,"120,162.00 ref, $3664.94",3,misc,Level 1-100 Hood,1095,2026-07-22T19:06:53
81,Bonzo the All-Gnawing,Flamboyant Flamenco,120162,2100 keys,"120,162.00 ref, $3664.94",2,misc,Level 10 Hat,627,2026-07-22T19:06:53
81,Bonzo the All-Gnawing,Honcho's Headgear,120162,2100 keys,"120,162.00 ref, $3664.94",2,misc,Level 1-100 Hat,391,2026-07-22T19:06:53
81,Bonzo the All-Gnawing,Slo-Poke,120162,2100 keys,"120,162.00 ref, $3664.94",1,misc,Level 1-100 Hat,30314,2026-07-22T19:06:53
81,Bonzo the All-Gnawing,Vintage Merryweather,120162,2100 keys,"120,162.00 ref, $3664.94",1,misc,Level 1-100 Helmet,182,2026-07-22T19:06:53
81,Bonzo the All-Gnawing,Détective Noir,119017.6,2080 keys,"119,017.60 ref, $3630.04",1,misc,Level 1-100 Hat,319,2026-07-22T19:06:53
81,Bonzo the All-Gnawing,Buccaneer's Bicorne,117301,2050 keys,"117,301.00 ref, $3577.68",2,misc,Level 10 Hat,607,2026-07-22T19:06:53
81,Bonzo the All-Gnawing,Das Übersternmann,114440,2000 keys,"114,440.00 ref, $3490.42",3,misc,Level 1-100 Hat,30097,2026-07-22T19:06:53
81,Bonzo the All-Gnawing,Harmburg,114440,2000 keys,"114,440.00 ref, $3490.42",2,misc,Level 1-100 Hat,30123,2026-07-22T19:06:53
81,Bonzo the All-Gnawing,Helmet without a Home,114440,2000 keys,"114,440.00 ref, $3490.42",1,misc,Level 1-100 Helmet,732,2026-07-22T19:06:53
81,Bonzo the All-Gnawing,Safe'n'Sound,114440,2000 keys,"114,440.00 ref, $3490.42",2,misc,Level 1-100 Hat,178,2026-07-22T19:06:53
81,Bonzo the All-Gnawing,Front Runner,112151.2,1520–2400 keys,"112,151.20 ref, $3420.61",2,misc,Level 1-100 Hat,760,2026-07-22T19:06:53
81,Bonzo the All-Gnawing,Head Warmer,108718,1900 keys,"108,718.00 ref, $3315.90",1,misc,Level 1-100 Hat,644,2026-07-22T19:06:53
81,Bonzo the All-Gnawing,Greased Lightning,107859.7,1885 keys,"107,859.70 ref, $3289.72",2,misc,Level 1-100 Hair,30078,2026-07-22T19:06:53
81,Bonzo the All-Gnawing,Western Wear,100135,1750 keys,"100,135.00 ref, $3054.12",1,misc,Level 1-100 Hat,379,2026-07-22T19:06:53
81,Bonzo the All-Gnawing,Allbrero,97274,1700 keys,"97,274.00 ref, $2966.86",1,misc,Level 1-100 Hat,30429,2026-07-22T19:06:53
81,Bonzo the All-Gnawing,Tyrantium Helmet,97274,1700 keys,"97,274.00 ref, $2966.86",2,misc,Level 1-100 Helmet,30014,2026-07-22T19:06:53
81,Bonzo the All-Gnawing,Caribbean Conqueror,94413,1650 keys,"94,413.00 ref, $2879.60",1,misc,Level 1-100 Hat,30116,2026-07-22T19:06:53
81,Bonzo the All-Gnawing,Big Country,91552,1600 keys,"91,552.00 ref, $2792.34",1,misc,Level 1-100 Hair,382,2026-07-22T19:06:53
81,Bonzo the All-Gnawing,Conquistador,91552,1600 keys,"91,552.00 ref, $2792.34",2,misc,Level 1-100 Helmet,721,2026-07-22T19:06:53
81,Bonzo the All-Gnawing,Pomade Prince,91552,1600 keys,"91,552.00 ref, $2792.34",3,misc,Level 1-100 Hair,30428,2026-07-22T19:06:53
81,Bonzo the All-Gnawing,Burning Bandana,85830,1500 keys,"85,830.00 ref, $2617.82",3,misc,Level 1-100 Bandana,30091,2026-07-22T19:06:53
81,Bonzo the All-Gnawing,Familiar Fez,85830,1500 keys,"85,830.00 ref, $2617.82",1,misc,Level 1-100 Hat,223,2026-07-22T19:06:53
81,Bonzo the All-Gnawing,Platinum Pickelhaube,85830,1500 keys,"85,830.00 ref, $2617.82",1,misc,Level 1-100 Helmet,30042,2026-07-22T19:06:53
81,Bonzo the All-Gnawing,Triboniophorus Tyrannus,85830,1500 keys,"85,830.00 ref, $2617.82",4,misc,Level 1-100 Mascot,151,2026-07-22T19:06:53
81,Bonzo the All-Gnawing,Armored Authority,85772.78,1499 keys,"85,772.78 ref, $2616.07",2,misc,Level 1-100 Helmet,445,2026-07-22T19:06:53
81,Bonzo the All-Gnawing,Data Mining Light,80108,1400 keys,"80,108.00 ref, $2443.29",2,misc,Level 1-100 Helmet,30051,2026-07-22T19:06:53
81,Bonzo the All-Gnawing,Glasgow Great Helm,80108,1400 keys,"80,108.00 ref, $2443.29",3,misc,Level 1-100 Helmet,30082,2026-07-22T19:06:53
81,Bonzo the All-Gnawing,Sober Stuntman,77819.2,1360 keys,"77,819.20 ref, $2373.49",2,misc,Level 1-100 Helmet,255,2026-07-22T19:06:53
81,Bonzo the All-Gnawing,Pampered Pyro,76102.6,1230–1430 keys,"76,102.60 ref, $2321.13",3,misc,Level 1-100 Towel,30139,2026-07-22T19:06:53
81,Bonzo the All-Gnawing,Engineer's Cap,74386,1300 keys,"74,386.00 ref, $2268.77",4,misc,Level 1-100 Hat,95,2026-07-22T19:06:53
81,Bonzo the All-Gnawing,Halogen Head Lamp,74386,1300 keys,"74,386.00 ref, $2268.77",1,misc,Level 1-100 Hat,30041,2026-07-22T19:06:53
81,Bonzo the All-Gnawing,Heavy Duty Rag,74386,1300 keys,"74,386.00 ref, $2268.77",4,misc,Level 1-100 Bandana,185,2026-07-22T19:06:53
81,Bonzo the All-Gnawing,Magnificent Mongolian,74386,1300 keys,"74,386.00 ref, $2268.77",1,misc,Level 1-100 Hat,313,2026-07-22T19:06:53
81,Bonzo the All-Gnawing,Slick Cut,74386,1300 keys,"74,386.00 ref, $2268.77",2,misc,Level 1-100 Hair,30187,2026-07-22T19:06:53
81,Bonzo the All-Gnawing,Virtual Viewfinder,74386,1300 keys,"74,386.00 ref, $2268.77",1,misc,Level 1-100 Headset,30140,2026-07-22T19:06:53
81,Bonzo the All-Gnawing,Attendant,68664,900–1500 keys,"68,664.00 ref, $2094.25",3,misc,Level 1-100 Hat,213,2026-07-22T19:06:53
81,Bonzo the All-Gnawing,Battle Boonie,68664,1200 keys,"68,664.00 ref, $2094.25",2,misc,Level 1-100 Hat,30907,2026-07-22T19:06:53
81,Bonzo the All-Gnawing,Copper's Hard Top,68664,1200 keys,"68,664.00 ref, $2094.25",3,misc,Level 1-100 Helmet,478,2026-07-22T19:06:53
81,Bonzo the All-Gnawing,Elf Esteem,68664,1200 keys,"68,664.00 ref, $2094.25",0,misc,Level 1-100 Hat,30836,2026-07-22T19:06:53
81,Bonzo the All-Gnawing,Geisha Boy,68664,1200 keys,"68,664.00 ref, $2094.25",1,misc,Level 1-100 Hair,363,2026-07-22T19:06:53
81,Bonzo the All-Gnawing,Scotch Bonnet,67805.7,1185 keys,"67,805.70 ref, $2068.07",1,misc,Level 1-100 Headgear,306,2026-07-22T19:06:53
81,Bonzo the All-Gnawing,Gridiron Guardian,62942,1100 keys,"62,942.00 ref, $1919.73",1,misc,Level 1-100 Helmet,30013,2026-07-22T19:06:53
81,Bonzo the All-Gnawing,Industrial Festivizer,62942,1100 keys,"62,942.00 ref, $1919.73",1,misc,Level 1-100 Hat,338,2026-07-22T19:06:53
81,Bonzo the All-Gnawing,Otolaryngologist's Mirror,62942,1100 keys,"62,942.00 ref, $1919.73",2,misc,Level 1-100 Hat,104,2026-07-22T19:06:53
81,Bonzo the All-Gnawing,Outta Sight,62942,1100 keys,"62,942.00 ref, $1919.73",1,misc,Level 1-100 Hat,30628,2026-07-22T19:06:53
81,Bonzo the All-Gnawing,Hetman's Headpiece,61854.82,1081 keys,"61,854.82 ref, $1886.57",4,misc,Level 1-100 Hat,436,2026-07-22T19:06:53
81,Bonzo the All-Gnawing,Big Chief,60081,1050 keys,"60,081.00 ref, $1832.47",3,misc,Level 1-100 Hat,309,2026-07-22T19:06:53
81,Bonzo the All-Gnawing,Connoisseur's Cap,60081,1050 keys,"60,081.00 ref, $1832.47",2,misc,Level 1-100 Hat,394,2026-07-22T19:06:53
81,Bonzo the All-Gnawing,Nanobalaclava,57220,1000 keys,"57,220.00 ref, $1745.21",2,misc,Level 10 Hat,521,2026-07-22T19:06:53
81,Bonzo the All-Gnawing,Respectless Robo-Glove,57220,1000 keys,"57,220.00 ref, $1745.21",1,misc,Level 1-100 Hat,30039,2026-07-22T19:06:53
81,Bonzo the All-Gnawing,Salty Dog,57220,1000 keys,"57,220.00 ref, $1745.21",2,misc,Level 10 Hat,611,2026-07-22T19:06:53
81,Bonzo the All-Gnawing,Das Naggenvatcher,56876.68,994 keys,"56,876.68 ref, $1734.74",1,misc,Level 1-100 Hat,30109,2026-07-22T19:06:53
81,Bonzo the All-Gnawing,Electric Escorter,54015.68,944 keys,"54,015.68 ref, $1647.48",1,misc,Level 1-100 Hat,30025,2026-07-22T19:06:53
81,Bonzo the All-Gnawing,Hat of Cards,48637,850 keys,"48,637.00 ref, $1483.43",2,misc,Level 1-100 Hat,825,2026-07-22T19:06:53
81,Bonzo the All-Gnawing,Sammy Cap,48637,850 keys,"48,637.00 ref, $1483.43",1,misc,Level 1-100 Hat,30374,2026-07-22T19:06:53
81,Bonzo the All-Gnawing,Toy Tailor,48637,850 keys,"48,637.00 ref, $1483.43",3,misc,Level 1-100 Hat,30327,2026-07-22T19:06:53
81,Bonzo the All-Gnawing,Federal Casemaker,45776,800 keys,"45,776.00 ref, $1396.17",1,misc,Level 1-100 Hat,30119,2026-07-22T19:06:53
81,Bonzo the All-Gnawing,Pure Tin Capotain,42342.8,740 keys,"42,342.80 ref, $1291.46",1,misc,Level 1-100 Hat,30021,2026-07-22T19:06:53
81,Bonzo the All-Gnawing,Das Maddendoktor,40054,700 keys,"40,054.00 ref, $1221.65",3,misc,Level 1-100 Hair,30121,2026-07-22T19:06:53
81,Bonzo the All-Gnawing,Nuke,39481.8,690 keys,"39,481.80 ref, $1204.19",0,misc,Level 1-100 Hair,30885,2026-07-22T19:06:53
81,Bonzo the All-Gnawing,Das Gutenkutteharen,37193,650 keys,"37,193.00 ref, $1134.39",0,misc,Level 1-100 Hair,30127,2026-07-22T19:06:53
81,Bonzo the All-Gnawing,Frontier Djustice,37193,600–700 keys,"37,193.00 ref, $1134.39",1,misc,Level 1-100 Hat,30421,2026-07-22T19:06:53
81,Bonzo the All-Gnawing,Gentleman's Gatsby,37193,650 keys,"37,193.00 ref, $1134.39",3,misc,Level 1-100 Hat,184,2026-07-22T19:06:53
81,Bonzo the All-Gnawing,Spook Specs,37193,650 keys,"37,193.00 ref, $1134.39",2,misc,Level 1-100 Hat,30390,2026-07-22T19:06:53
81,Bonzo the All-Gnawing,Hong Kong Cone,36048.6,630 keys,"36,048.60 ref, $1099.48",0,misc,Level 1-100 Hat,30177,2026-07-22T19:06:53
81,Bonzo the All-Gnawing,Rimmed Raincatcher,35476.4,620 keys,"35,476.40 ref, $1082.03",1,misc,Level 1-100 Hat,216,2026-07-22T19:06:53
81,Bonzo the All-Gnawing,Black Watch,34332,600 keys,"34,332.00 ref, $1047.13",3,misc,Level 1-100 Hat,30105,2026-07-22T19:06:53
81,Bonzo the All-Gnawing,Feathered Fiend,34332,600 keys,"34,332.00 ref, $1047.13",1,misc,Level 1-100 Headgear,30903,2026-07-22T19:06:53
81,Bonzo the All-Gnawing,Cotton Head,30040.5,500–550 keys,"30,040.50 ref, $916.24",3,misc,Level 1-100 Hat,30175,2026-07-22T19:06:53
81,Bonzo the All-Gnawing,Classy Capper,28610,500 keys,"28,610.00 ref, $872.61",2,misc,Level 1-100 Hat,30893,2026-07-22T19:06:53
81,Bonzo the All-Gnawing,Hustler's Hallmark,28610,500 keys,"28,610.00 ref, $872.61",1,misc,Level 1-100 Hat,146,2026-07-22T19:06:53
81,Bonzo the All-Gnawing,Conjurer's Cowl,25749,450 keys,"25,749.00 ref, $785.34",1,misc,Level 1-100 Hood,465,2026-07-22T19:06:53
81,Bonzo the All-Gnawing,Das Hazmattenhatten,25749,450 keys,"25,749.00 ref, $785.34",1,misc,Level 1-100 Safety Apparatus,30095,2026-07-22T19:06:53
81,Bonzo the All-Gnawing,Larrikin Robin,25749,450 keys,"25,749.00 ref, $785.34",1,misc,Level 1-100 Hat,314,2026-07-22T19:06:53
81,Bonzo the All-Gnawing,White Russian,25405.68,444 keys,"25,405.68 ref, $774.87",1,misc,Level 1-100 Hair,30644,2026-07-22T19:06:53
81,Bonzo the All-Gnawing,Wide-Brimmed Bandito,25405.68,444 keys,"25,405.68 ref, $774.87",1,misc,Level 1-100 Hat,30805,2026-07-22T19:06:53
81,Bonzo the All-Gnawing,Counterfeit Billycock,25176.8,440 keys,"25,176.80 ref, $767.89",1,misc,Level 10 Hat,602,2026-07-22T19:06:53
81,Bonzo the All-Gnawing,Tyrant's Helm,25176.8,440 keys,"25,176.80 ref, $767.89",1,misc,Level 1-100 Helmet,99,2026-07-22T19:06:53
81,Bonzo the All-Gnawing,Virtual Reality Headset,25033.75,435–440 keys,"25,033.75 ref, $763.53",2,misc,Level 10 Headset,628,2026-07-22T19:06:53
81,Bonzo the All-Gnawing,Bonk Helm,24032.4,420 keys,"24,032.40 ref, $732.99",2,misc,Level 1-100 Helmet,106,2026-07-22T19:06:53
81,Bonzo the All-Gnawing,Heer's Helmet,23746.3,275–555 keys,"23,746.30 ref, $724.26",2,misc,Level 1-100 Helmet,30378,2026-07-22T19:06:53
81,Bonzo the All-Gnawing,Pyromancer's Mask,22888,400 keys,"22,888.00 ref, $698.08",1,misc,Level 1-100 Mask,316,2026-07-22T19:06:53
81,Bonzo the All-Gnawing,Valley Forge,22888,400 keys,"22,888.00 ref, $698.08",2,misc,Level 1-100 Hat,30114,2026-07-22T19:06:53
81,Bonzo the All-Gnawing,Gentleman's Ushanka,19454.8,340 keys,"19,454.80 ref, $593.37",1,misc,Level 1-100 Hat,778,2026-07-22T19:06:53
81,Bonzo the All-Gnawing,Shooter's Tin Topi,19168.7,335 keys,"19,168.70 ref, $584.65",1,misc,Level 1-100 Hat,30005,2026-07-22T19:06:53
81,Bonzo the All-Gnawing,L'homme Burglerre,18310.4,320 keys,"18,310.40 ref, $558.47",1,misc,Level 1-100 Hat,30182,2026-07-22T19:06:53
81,Bonzo the All-Gnawing,Waxy Wayfinder,18195.96,300–336 keys,"18,195.96 ref, $554.98",2,misc,Level 1-100 Hat,753,2026-07-22T19:06:53
81,Bonzo the All-Gnawing,Bonk Boy,17881.25,300–325 keys,"17,881.25 ref, $545.38",1,misc,Level 1-100 Mask,451,2026-07-22T19:06:53
81,Bonzo the All-Gnawing,Bunsen Brave,17166,300 keys,"17,166.00 ref, $523.56",1,misc,Level 1-100 Hat,30054,2026-07-22T19:06:53
81,Bonzo the All-Gnawing,Human Cannonball,17166,300 keys,"17,166.00 ref, $523.56",2,misc,Level 1-100 Helmet,817,2026-07-22T19:06:53
81,Bonzo the All-Gnawing,Pirate Bandana,16879.9,295 keys,"16,879.90 ref, $514.84",2,misc,Level 1-100 Hat,30180,2026-07-22T19:06:53
81,Bonzo the All-Gnawing,Bruce's Bonnet,16593.8,280–300 keys,"16,593.80 ref, $506.11",1,misc,Level 1-100 Headgear,30627,2026-07-22T19:06:53
81,Bonzo the All-Gnawing,Desert Marauder,16307.7,285 keys,"16,307.70 ref, $497.38",1,misc,Level 1-100 Hat,400,2026-07-22T19:06:53
81,Bonzo the All-Gnawing,Cold Killer,16021.6,280 keys,"16,021.60 ref, $488.66",1,misc,Level 1-100 Hat,981,2026-07-22T19:06:53
81,Bonzo the All-Gnawing,Grenadier's Softcap,16021.6,280 keys,"16,021.60 ref, $488.66",1,misc,Level 1-100 Hat,227,2026-07-22T19:06:53
81,Bonzo the All-Gnawing,Broadband Bonnet,14305,250 keys,"14,305.00 ref, $436.30",1,misc,Level 1-100 Hat,30029,2026-07-22T19:06:53
81,Bonzo the All-Gnawing,Modest Metal Pile of Scrap,14305,250 keys,"14,305.00 ref, $436.30",1,misc,Level 1-100 Hat,30001,2026-07-22T19:06:53
81,Bonzo the All-Gnawing,Trash Man,14305,250 keys,"14,305.00 ref, $436.30",2,misc,Level 1-100 Hat,30346,2026-07-22T19:06:53
81,Bonzo the All-Gnawing,Sole Mate,13732.8,240 keys,"13,732.80 ref, $418.85",1,misc,Level 1-100 Hat,30355,2026-07-22T19:06:53
81,Bonzo the All-Gnawing,Napoleon Complex,13160.6,230 keys,"13,160.60 ref, $401.40",1,misc,Level 1-100 Hat,30360,2026-07-22T19:06:53
81,Bonzo the All-Gnawing,Aviator Assassin,12874.5,225 keys,"12,874.50 ref, $392.67",1,misc,Level 1-100 Hat,30404,2026-07-22T19:06:53
81,Bonzo the All-Gnawing,Bonk Leadwear,12731.45,200–245 keys,"12,731.45 ref, $388.31",1,misc,Level 1-100 Helmet,30030,2026-07-22T19:06:53
81,Bonzo the All-Gnawing,Tartan Spartan,12016.2,210 keys,"12,016.20 ref, $366.49",2,misc,Level 1-100 Helmet,30106,2026-07-22T19:06:53
81,Bonzo the All-Gnawing,Nunhood,11873.15,185–230 keys,"11,873.15 ref, $362.13",1,misc,Level 1-100 Hat,30311,2026-07-22T19:06:53
81,Bonzo the All-Gnawing,Bot Dogger,11444,200 keys,"11,444.00 ref, $349.04",2,misc,Level 1-100 Hat,30018,2026-07-22T19:06:53
81,Bonzo the All-Gnawing,Cadaver's Cranium,11444,200 keys,"11,444.00 ref, $349.04",2,misc,Level 31 Hat,290,2026-07-22T19:06:53
81,Bonzo the All-Gnawing,Towering Pillar of Hats,11444,200 keys,"11,444.00 ref, $349.04",1,misc,Level 1-100 Hat,135,2026-07-22T19:06:53
81,Bonzo the All-Gnawing,Backbiter's Billycock,11157.9,170–220 keys,"11,157.90 ref, $340.32",2,misc,Level 1-100 Hat,108,2026-07-22T19:06:53
81,Bonzo the All-Gnawing,Handyman's Handle,10585.7,180–190 keys,"10,585.70 ref, $322.86",1,misc,Level 1-100 Hat,253,2026-07-22T19:06:53
81,Bonzo the All-Gnawing,Brown Bomber,10156.55,165–190 keys,"10,156.55 ref, $309.77",2,misc,Level 1-100 Hat,671,2026-07-22T19:06:53
81,Bonzo the All-Gnawing,Texas Ten Gallon,9584.35,155–180 keys,"9,584.35 ref, $292.32",1,misc,Level 1-100 Hat,94,2026-07-22T19:06:53
81,Bonzo the All-Gnawing,Private Eye,9155.2,160 keys,"9,155.20 ref, $279.23",2,misc,Level 1-100 Hat,388,2026-07-22T19:06:53
81,Bonzo the All-Gnawing,Noble Amassment of Hats,8296.9,145 keys,"8,296.90 ref, $253.06",1,misc,Level 1-100 Hat,137,2026-07-22T19:06:53
81,Bonzo the All-Gnawing,A Rather Festive Tree,8096.63,133–150 keys,"8,096.63 ref, $246.95",1,misc,Level 1-100 Hat,341,2026-07-22T19:06:53
81,Bonzo the All-Gnawing,Blast Defense,8010.8,140 keys,"8,010.80 ref, $244.33",0,misc,Level 1-100 Headgear,30863,2026-07-22T19:06:53
81,Bonzo the All-Gnawing,Hot Dogger,8010.8,140 keys,"8,010.80 ref, $244.33",1,misc,Level 10 Hat,614,2026-07-22T19:06:53
81,Bonzo the All-Gnawing,Samur-Eye,8010.8,137–143 keys,"8,010.80 ref, $244.33",2,misc,Level 1-100 Helmet,359,2026-07-22T19:06:53
81,Bonzo the All-Gnawing,Tartan Tyrolean,7467.21,123–138 keys,"7,467.21 ref, $227.75",2,misc,Level 1-100 Hat,30334,2026-07-22T19:06:53
81,Bonzo the All-Gnawing,Gym Rat,7295.55,95–160 keys,"7,295.55 ref, $222.51",1,misc,Level 10 Hair,613,2026-07-22T19:06:53
81,Bonzo the All-Gnawing,Brim-Full of Bullets,6866.4,120 keys,"6,866.40 ref, $209.43",1,misc,Level 1-100 Hat,30173,2026-07-22T19:06:53
81,Bonzo the All-Gnawing,Smoking Skid Lid,6666.13,116–117 keys,"6,666.13 ref, $203.32",1,misc,Level 1-100 Hat,30399,2026-07-22T19:06:53
81,Bonzo the All-Gnawing,Cloud Crasher,6523.08,98–130 keys,"6,523.08 ref, $198.95",1,misc,Level 1-100 Helmet,30071,2026-07-22T19:06:53
81,Bonzo the All-Gnawing,L'Inspecteur,6122.54,107 keys,"6,122.54 ref, $186.74",1,misc,Level 10 Hat,622,2026-07-22T19:06:53
81,Bonzo the All-Gnawing,Hotrod,5722,100 keys,"5,722.00 ref, $174.52",2,misc,Level 1-100 Mask,148,2026-07-22T19:06:53
81,Bonzo the All-Gnawing,Infernal Impaler,5722,100 keys,"5,722.00 ref, $174.52",2,misc,Level 13 Headgear,575,2026-07-22T19:06:53
81,Bonzo the All-Gnawing,Birdcage,5664.78,99 keys,"5,664.78 ref, $172.78",1,misc,Level 10 Hat,615,2026-07-22T19:06:53
81,Bonzo the All-Gnawing,Bone Dome,5321.46,93 keys,"5,321.46 ref, $162.30",2,misc,Level 1-100 Helmet,30162,2026-07-22T19:06:53
81,Bonzo the All-Gnawing,Hive Minder,5321.46,91–95 keys,"5,321.46 ref, $162.30",1,misc,Level 1-100 Hat,30093,2026-07-22T19:06:53
81,Bonzo the All-Gnawing,One-Man Army,4005.4,70 keys,"4,005.40 ref, $122.16",1,misc,Level 10 Hair,601,2026-07-22T19:06:53
81,Bonzo the All-Gnawing,Titanium Tyrolean,4005.4,70 keys,"4,005.40 ref, $122.16",2,misc,Level 1-100 Hat,30045,2026-07-22T19:06:53
81,Bonzo the All-Gnawing,Noble Nickel Amassment of Hats,3805.13,65–68 keys,"3,805.13 ref, $116.06",3,misc,Level 1-100 Hat,30006,2026-07-22T19:06:53
81,Bonzo the All-Gnawing,Officer's Ushanka,3776.52,66 keys,"3,776.52 ref, $115.18",2,misc,Level 1-100 Hat,96,2026-07-22T19:06:53
81,Bonzo the All-Gnawing,Virus Doctor,3776.52,66 keys,"3,776.52 ref, $115.18",1,misc,Level 1-100 Hat,30043,2026-07-22T19:06:53
81,Bonzo the All-Gnawing,Brain Bucket,3490.42,61 keys,"3,490.42 ref, $106.46",2,misc,Level 1-100 Hat,434,2026-07-22T19:06:53
81,Bonzo the All-Gnawing,Stout Shako,3375.98,59 keys,"3,375.98 ref, $102.97",1,misc,Level 1-100 Hat,251,2026-07-22T19:06:53
81,Bonzo the All-Gnawing,Old Guadalajara,3232.93,55–58 keys,"3,232.93 ref, $98.60",1,misc,Level 1-100 Hat,247,2026-07-22T19:06:53
81,Bonzo the All-Gnawing,Pyro's Boron Beanie,3061.27,47–60 keys,"3,061.27 ref, $93.37",1,misc,Level 1-100 Hat,30040,2026-07-22T19:06:53
81,Bonzo the All-Gnawing,Outdoorsman,2861,50 keys,"2,861.00 ref, $87.26",2,misc,Level 10 Hat,603,2026-07-22T19:06:53
81,Bonzo the All-Gnawing,Madame Dixie,2689.34,47 keys,"2,689.34 ref, $82.02",1,misc,Level 1-100 Hat,321,2026-07-22T19:06:53
81,Bonzo the All-Gnawing,Berliner's Bucket Helm,2603.51,41–50 keys,"2,603.51 ref, $79.41",1,misc,Level 1-100 Helmet,303,2026-07-22T19:06:53
81,Bonzo the All-Gnawing,Ze Goggles,2603.51,41–50 keys,"2,603.51 ref, $79.41",2,misc,Level 1-100 Glasses,177,2026-07-22T19:06:53
81,Bonzo the All-Gnawing,Metal Slug,2288.8,40 keys,"2,288.80 ref, $69.81",2,misc,Level 1-100 Hat,30028,2026-07-22T19:06:53
81,Bonzo the All-Gnawing,FR-0,1945.48,34 keys,"1,945.48 ref, $59.34",1,misc,Level 1-100 Hat,30016,2026-07-22T19:06:53
81,Bonzo the All-Gnawing,Timeless Topper,1773.82,31 keys,"1,773.82 ref, $54.10",1,misc,Level 1-100 Hat,30035,2026-07-22T19:06:53
81,Bonzo the All-Gnawing,Bootleg Base Metal Billycock,1430.5,25 keys,"1,430.50 ref, $43.63",1,misc,Level 1-100 Hat,30047,2026-07-22T19:06:53
